Fire_Count,ID
1,JUZSWK
1,B5RDUR
3,IMQ2UL
3,GAP8LB
3,Q7QJ6M
1,3EYUL8
1,29L2PF
4,UUIOIG
4,9KOEHL
1,S6DD78
1,5XD1YT
4,B3J6WJ
4,CI9MC1
2,VFIAAC
2,KLXN9M
4,S63MLD
4,Z8GC17
3,WQ8RM1
3,WYUSL2
3,QM4IXR
3,BFX7KN
3,G5TXE8
3,F7LO6G
4,K7DRSP
4,TQC7K7
3,BJL2EW
3,V178I1
1,O6XJC2
1,LPNFTL
1,XRRU3Y
1,7LADOH
4,JNWZLN
4,Q5R7X8
4,K2JIVO
4,DA46Q4
1,WZHG39
1,N9WJL8
1,VWRPSC
1,221UWM
4,YT9LIA
4,DEFPX4
1,Q7XCXC
1,WC85S1
1,TD3KGJ
1,VXDLUO
4,VQJCF6
4,9FTHL5
1,I5DDTF
1,54F181
4,RCYGF8
4,QMRNVB
1,Y8ADRD
1,6IBST8
3,S1PEGH
3,IQD0JU
4,F4XD3B
4,I9JIKU
3,HUDCD7
3,KLQ523
4,DAE3J9
4,ZYAGPV
1,A2ARGP
1,7DP9R3
1,YDQHSE
2,JWJ6O8
2,QOS51R
2,43IHZS
2,HP7AXC
2,P6NB4S
2,9LGR8I
2,K2MSM7
2,DL7HVS
2,UA8GVZ
2,DSYEE9
1,7G4KM5
1,ST6LMV
2,LVT68J
2,UAUZZ3
3,0ZBYB8
3,2P3PVO
1,ZW9U21
1,39BSVO
4,ODQCQB
4,0K8TFP
4,UOLU7T
4,W2ZNWP
4,YWR8XG
4,N54XYE
1,MO2D7U
1,STNT57
1,8W452O
1,1WXIQL
1,YI6UA8
1,Q8NT8I
2,ES7PZO
2,AMZ9XU
3,AKB5IQ
1,28W2GC
1,1GFDWD
1,T3ESGL
1,UWN7VC
1,M4HYRU
1,RSNVBM
1,JDVAIW
2,S8GNTJ
2,5MOXU4
3,BM78X2
3,I6BBJR
1,YJXYM9
1,8JN4RK
4,SH6B9O
4,PC5OP1
3,0ECWVV
3,QLAKCS
1,BFVK2R
1,2U23K5
3,BUXIU9
3,J2VARW
1,LO1TIP
1,B7RULA
3,C8QG1K
3,TGAYGN
3,84TTZX
3,5R5B5K
3,AO1W0F
3,R6JTPX
2,2SCGTW
2,EKFUUY
3,KEBRXM
3,59EAEE
3,50TTK5
3,155N11
1,HFX7WI
1,TM8J0H
3,5LYUIW
3,3AVNFF
5,IPXW4R
5,VWXYL7
6,66BE6X
6,1T9GEY
3,WL7G1I
3,2DTNOE
6,TFWLA0
6,AHJNS2
4,T446DI
4,29V9PV
3,Z940XE
3,GWSQL7
2,A61BQ6
2,3ODRJ4
3,9I1HDC
3,B89S9K
2,OD1397
2,PNC7VM
1,2INKCQ
1,UFTYYM
2,01Z3SN
2,LN7OQO
3,LHY7Z6
3,49HABC
1,9JD1JL
2,2TBH6J
2,LQUHEZ
3,A836HI
3,9X4UVH
3,3UGFDN
3,PBWZVO
2,7AL2DY
2,1VH5A2
1,FFABCG
1,0NOJGK
3,G1P5IM
3,VLS9K5
1,BG09Q6
1,I9C7T2
1,AI6FOW
2,FOUHNG
2,M0CRSQ
2,KNSE95
2,BNGQBO
2,Q5N2BJ
2,BE5WOW
3,QM4K4I
3,202AM3
4,CHFMTT
4,43YXDV
2,6TRWFW
2,P7L1VJ
1,R13JGO
1,JRXZQX
1,C7HT0L
1,3PLKO5
1,XZH4O3
1,M02IZB
1,RG7AZ4
1,UEH909
4,D934ST
4,Q01V17
4,HTLB2J
4,XQB5JP
1,LSMLB2
2,VB2LQG
2,S10NU2
3,JE6VJG
3,REOST5
3,HP88NP
3,7PIN8J
3,NRDLQM
3,BVT5UY
3,XDD9AL
3,ZESWA0
3,JDLOZ8
3,4BCSOG
3,18DIJ6
3,PAHHVL
1,VN7SVT
1,GHG435
1,EEQCIF
1,J4IPLH
1,5IIH4V
1,OQIKG1
2,8LWMKR
2,5Z84V6
1,HF5D0D
1,9M5ATK
3,97UPQL
3,WTW3V2
2,TXRT9X
2,1ASRZO
2,P9XTQ2
2,QHDBVS
4,ZG0CLI
4,MAVJYF
2,MF3YBW
2,BL1DO9
2,FALO7T
2,OT1HEX
3,MOJ3KR
3,7CCF46
3,PILPDS
3,CODVVA
2,4FPX9Y
2,SPS9PU
2,7BLD2K
2,QZ4D84
4,54UNH7
4,VKREW5
2,CHZXEA
2,CLLMZ2
2,75YSOD
4,1I2DP6
4,EJJ2ZF
3,MWAMII
3,O6OFOJ
3,H4V3VG
3,GGDH81
4,HCLNH9
4,JYKB6F
2,8DSAY5
2,BVQH8O
3,0RCRV3
3,CH3DDE
2,CF1OGM
2,NRH04T
3,TF1PWM
3,JNDSSO
2,3BCAQE
2,1AW1Y2
2,6IOA5B
2,40A9SL
1,46JC32
1,0QU89C
1,AQ3TNG
1,QBSKSR
2,M37200
2,SWPM8W
3,F97535
3,14KPES
3,BS4U0Z
3,JDNG4F
1,GCL0NU
1,ZCAN03
1,ZS9R6G
1,3BZWF8
1,4JV3FN
1,838858
5,XBXUXP
5,UOB21U
3,L63ET9
3,4H4XKC
1,TGSINV
1,WZPUOD
3,KL9RF3
3,KXLGVK
3,I7MIO3
3,26QTFZ
2,RIKVH4
2,28VDKS
2,0TAAU5
2,Q8MK3L
4,9GONCD
4,R7FMN7
7,WRDWSV
7,OIWF1G
8,DLMXSR
8,MIZJY1
8,YS6BZS
8,M7NOLC
8,CZRNR9
8,06UCZ3
6,TYSJTN
6,UZMHC1
8,XEQMSM
8,0CCMEC
6,J7OXOZ
6,SUS2XQ
6,1R2IBG
6,I94VPL
6,AMTGT7
6,87HBK6
6,OWUE1Q
6,60RLDB
6,ZOKZYX
6,GRZOOU
3,6XLX3Y
3,87KVTG
6,DRZR5N
6,WFIOYT
2,H8KGDY
2,63EKGY
4,K2KKOP
5,P4UZ9A
5,4HSMMI
6,MM44ML
6,RYD5MX
6,87G7EX
6,RN1M29
6,DALXIV
6,W8M4O9
4,9SRQPB
4,G7GN39
6,AC0FMZ
6,MZM20D
6,6YBCXX
2,FBMI10
2,6E4TQ0
6,TGWYK0
6,FL7G8B
6,4Z4B6I
6,ABPBB9
6,JD5RAA
6,XO6WGV
6,ABI8HZ
2,WE425G
2,CAWE3Y
2,NMZRA3
2,5SXV0T
2,C3CT74
4,P3T6HE
4,EUQHDO
3,X1IUE9
3,XJ10D4
5,1W1JFW
5,46ABXN
5,JE0S83
5,TTZ5JP
3,5O0WT5
3,E14ZCC
4,UKBE2R
4,WJP5SB
5,K4QJQ1
5,TSCSIP
3,G4VCLP
3,R4LEMA
3,H1D2D5
3,9XD6LZ
5,XSGGSG
5,KIBGZ8
5,JLG47P
5,6ROPVF
3,5YHCO7
3,RXG9JW
7,3YOX78
7,BZTL3W
7,ADEDS5
7,0M4GPQ
5,Y591DR
5,ZPJTY5
7,CKVR7X
7,3ARTMO
1,OLBP41
1,1LCF5Q
1,XLK341
1,P82C8Z
7,TK62LW
7,Q7NEP3
2,V4DJJR
2,RIP8LV
4,9L2N51
2,2R7N0J
2,LWK1RK
2,MUEGBM
4,LDVCWA
4,RW4C2E
2,V4WI9V
2,UNWZ63
4,AFO9I4
4,745FNV
2,07HNLA
2,AHXPTW
2,H3NDMY
2,0PQK9U
5,CILE9Q
5,9JBT3Y
5,D0H3ME
5,YS9W3P
6,JASFKC
6,SX2XMT
4,Q8XD1S
4,NCRZQK
4,A4PLBI
4,Z91NLY
6,U5YH3Z
6,WL84MC
3,B7ACD2
3,IVWVJP
1,4DDBOG
1,BBDSX7
1,DDJ0NL
1,X32Z6N
3,RI9ASN
3,Q1WC2R
3,1I4T74
3,A377KZ
3,YDQDTR
2,Z88MQ5
3,66O1I4
3,B3QH8G
3,OETGHI
3,6VEAXZ
3,YE8RP4
3,EDYX81
1,V6946P
1,TH261F
1,DBPQZK
1,VG51B6
1,7HGHM9
1,L4IAWY
2,60LN6Z
2,N58PRV
1,Z2IO52
1,ES5B3G
1,AU5WIJ
1,CU0OVI
1,2N587X
1,93PV4F
1,5E226B
1,SPCKGM
1,VTHDWS
1,OOEKCU
1,HAGENQ
2,D3PAD2
1,XU8ZYX
1,GN5JT2
1,CBJU38
1,XGCO8Z
1,A59T3D
1,785YM4
1,J4E8LZ
2,BRXOAK
2,8BK8W6
2,48UBCB
3,MEP82B
3,W7B9KL
2,2BRUPW
3,BKLRH8
3,MTTL43
3,D4OB1G
3,IBNO4Q
3,GHAT4M
3,UD9YSV
3,D3GY3O
1,KTHNZH
1,2KIK70
2,H0BNMI
2,41KC0Q
1,0TBD9W
1,OHYX4Q
1,LOTKXP
1,H09GZH
5,OE8XJZ
5,OV665E
2,9XYXGX
2,W7DRXK
1,CUIJLU
1,HIRAI2
5,CDXYCD
5,YAVFSP
1,3I6SOT
1,Y7JPF5
1,HX56Y3
1,5ITQ8S
2,DJRFJ9
2,NQQ2YR
4,100OZD
4,K1RDEM
2,GA8RMQ
2,E1CFP6
2,NMCOM4
1,5JML61
1,K7ASKL
4,WO8QOY
4,KNN0T3
4,A3WL7U
4,5JEFMQ
4,9VE08S
4,02ZCJ2
3,HZV21P
4,IP2WET
4,L6OJBM
1,7H1D5G
1,0WLGJV
1,YPAWXX
1,FFDW5K
2,0O6F91
2,BGWWCS
2,8IPFY9
2,G02UC5
2,467PSA
2,1HPVP0
2,XPW4ZV
2,AA0URH
2,E37Q2N
2,Z9TPBW
2,FCJV2G
2,193GAP
2,87Q7OX
2,ZDCQW0
1,XI5NGW
1,G34O4E
1,XBY8NQ
1,XQEQIG
3,UVYBAP
3,CWKE24
1,GW3VJI
1,HK6P4H
1,NZM37V
1,B4JK0G
1,L3APCT
1,27Z8FJ
1,KHW4A8
1,NGPM5W
1,31G7PR
1,8SMY4M
1,911U1V
1,18MJED
1,E9E89K
1,28DYSR
2,S6A6TB
2,6NGIU8
1,1TKKGS
1,SYJG4S
1,7AT672
1,ZXG4KD
1,JIU5QL
1,TLT4RA
1,N3UQYS
1,OX09KG
1,KI3TGD
1,QI47L7
1,TCIJS9
1,I8IKF0
1,V76JMD
1,W2S1ZG
1,RC72PZ
1,U61HYN
1,9PAJYL
1,ZUTJYI
1,4F3Y8U
2,X29BHV
2,I5IAP8
1,QMEBYX
1,F2LS1D
1,9JZ67O
1,NW3XRM
1,IXVQEX
1,5V3Q1F
1,3PRWOR
1,B60H5C
1,SAMCL5
1,X1YPI3
1,W5SP2K
1,3WL4XP
1,CFBJM7
1,V24YXJ
1,WG80E6
1,OJFUP8
1,P8HF5S
1,6XBOM8
1,MK6814
1,L3AJRP
1,G6BQVD
1,IWYQI1
1,TGSFPG
1,RCDR2Y
1,J2GXM3
1,766KRO
1,GVGG9T
1,DRSPC9
1,Q9W1CN
1,1L1LVK
1,OEAY3J
1,UCGKAD
1,S7FWIZ
1,BKP9BU
1,ALPHO4
1,PXR8L7
1,LGLIPW
1,K557OK
1,MNCPSN
1,D269JU
1,N6I5J9
6,3P2YB9
6,WZQYKD
1,G0Y6TP
1,1ECNHX
1,GS76JS
1,K6HKHX
6,PUQNM8
6,HJTTYZ
6,9IE2KC
6,N37DY9
2,HEZHVG
2,QLSFBH
2,BYC1VW
6,Z9J3S8
6,BOG5XV
2,7ANFUW
2,GBCQN4
2,L5OMPR
2,FGILJ6
6,PNZL2P
6,I7VEU2
1,090TW4
1,G8R5SN
1,BM62NS
1,DUFTVG
1,SMETQM
2,1RV45C
2,EDKOL5
5,YFA3WP
5,8FO8VD
6,VZ0VL8
6,R1ZCW3
6,BB3SNJ
6,6R3E39
6,FIWWZS
6,FRVV4Y
8,WT5VAT
6,MNQHMT
6,5POEGR
7,G7ZBYP
7,P00ONX
8,1X6AVQ
8,YQDTCR
6,KV8FPM
6,HDI89H
6,M985ZY
6,3QG663
6,ATAX2F
6,Z8LYQD
6,TGJ72R
6,9A06OV
6,KXKS5W
6,W3QNY4
6,R5FZKL
6,H5ML0A
6,U87OAM
6,FO0520
5,QIHX2Q
5,WOWI61
1,XNA48O
1,YRIEHW
1,AGBSCV
1,JQI2EU
8,NXZGFV
8,6YT4CQ
7,799P3A
7,K88LI0
5,V01306
5,UTJDDK
8,3RLN75
8,L8HOE6
1,XCSNTE
1,MX540T
4,5W628Z
4,MEPUL1
4,CF0LHH
4,0PVAZ6
5,H0D91R
5,K9MTJY
7,HQR216
7,6DQR19
7,YXSH3P
7,PS1PCJ
6,PTOYTO
6,BJP9OY
6,WA0OSU
6,ZC2NC2
6,SOB220
6,7EAP0D
5,CCV28F
5,9H7EML
1,M1UE58
1,E3JIMB
1,E9FEDF
1,KLW4QA
7,EA0GKI
7,P949VG
5,H8OHZA
5,WCOFFO
7,Y7H7T6
7,A8FYXD
7,93B28M
7,VWEIPT
1,ZETIDF
1,J3ZBG5
1,6MMCC9
1,38EPMM
3,B3S9VY
3,9ZOUYB
5,7TEXQS
5,XS0YBJ
3,5MWJTP
3,ED0KZ4
3,DFUFJH
3,YT7HDL
3,75S24I
3,2IXYTX
1,R5PW4K
1,FWPIXW
1,YZTG8N
1,6H5PXE
1,XXX4T5
1,PDF1SJ
3,46YOAM
3,NB5WRX
2,Z9SJ5R
2,WBKHYD
8,GU20DQ
8,SNR8VG
1,LBTCQY
1,2EXGRY
8,JEXYP8
8,V19512
3,LV8228
3,P8RSFX
3,734AMY
3,ALJL5Q
2,8YGG1M
2,E8DBBS
3,MRPIF5
3,K4A5XX
2,NG6V7L
2,7IHPNX
5,CZLCIC
5,P03KWB
5,4V33F5
5,C67278
5,XJSEA7
5,2X4GAP
5,NSVV3Z
5,6UF2XO
4,BR80N7
4,432GES
4,7IR4GD
4,LTG8QQ
2,UO03HZ
2,WQVBFH
5,6CVTVJ
5,UO9CGE
2,73BY3G
2,S3D9C3
2,RZDRM6
2,B55EVG
2,98B4P6
2,EGLV80
2,18UB01
2,PG2Z63
2,6UWT5P
2,K3OHBO
2,HGHY6Y
2,EBOG2D
5,78ROAQ
5,IFFS8F
4,YN243H
4,V3BWEV
5,WSGGLX
5,3WNRAI
5,VHVO9D
5,X431V1
5,806349
5,0UOJ8Z
5,3KCF6G
5,MCBCPD
4,CS9F1G
4,BXTX2Y
4,TIW6PC
1,FSXGE5
1,BNJX0N
5,XWDX8A
5,CERNVO
5,F7EIFU
5,43D3IR
5,1T793O
5,16Q4CH
1,F801X0
1,XDIFBG
1,YVPNBC
1,CYWCTT
5,YV8R20
5,0YPJM6
1,TOSOAR
1,5RMP4Y
5,GJTO0U
5,160RF5
5,F5VSO9
5,4A849P
1,KO0SJ5
1,XGSUT8
1,G7ACRY
1,7X5V0O
1,P5E2VP
1,LR0394
6,7GXJ1Q
6,ASSB4A
1,EW5XO6
1,DTLG2K
1,XB62W4
1,CEMCSF
1,BYJATH
1,D5R3JJ
1,AYT4QD
1,06ZJ6S
7,VISUWG
7,21Y9SQ
7,F6WVPU
7,4FZM7B
7,ICENRY
7,5ILVHR
7,LSJE2U
7,9WO3MV
5,TOZSHW
5,DKI3NN
7,DIPX0T
7,L5CW0H
7,O3BK1K
7,YTABTD
7,SLILNC
7,OHCR0O
5,OMDNOA
5,3402QE
8,U04JIG
8,PI8PBU
8,NDZ5MD
8,VCUQZF
2,LNG5RL
2,M55T0L
2,EKYSPK
2,5E2582
1,6IBMMI
1,5L5LDI
2,KA8332
2,2TLOWJ
2,DS505C
2,SDVVIF
2,H9VRFA
2,NX0JEJ
2,Y035JH
2,8ZWV5J
1,EFP6FS
1,LD5911
2,63GSN5
2,G6TRPL
2,ZSFDLS
2,J6BPM0
1,651EKY
1,FRAMI5
1,F9WF63
1,99RZZZ
1,WFT1XZ
1,VXS4J0
1,TLW99Y
2,EUPKJJ
2,ELM5D4
1,1STAPG
1,SZDM24
1,FR4VWY
1,TZW6CE
1,71OZP7
1,5EL6N6
1,1U2OLJ
1,L3YBNP
1,GA5DAC
1,0GTML3
1,VCUGUH
1,04JZNB
1,AP0JLU
1,LYJN3L
1,GN5TMG
1,8U5NZ5
1,0ZWW4N
1,U669TO
1,TH131I
1,IGPNQ7
1,U1CN9X
1,8ONZKF
1,DE5B9V
1,SOEK4K
1,DOSIE4
1,BPS2P8
1,G3KS6V
1,2GA3LF
1,QISOEB
1,1ZWZ67
1,XIW5QY
1,OONYWA
1,2GCT4Q
1,BR657T
1,POBJG3
1,VUVZ1J
1,IT2PJA
1,19CUTD
1,K5BE9A
3,T2Y5G7
3,BG196X
1,Q6V6X4
1,TCD1C3
3,JGYR0X
3,NUDY6V
1,RKSDVP
2,BLMEEZ
2,CKLQLP
2,8PHLN9
2,23X2BI
1,6WAWQX
1,XH7Z15
2,TMZRJI
2,SH25AY
1,H9V0YH
1,FQ3P8I
1,QXAJDU
2,PWJSRA
2,YXWUSI
1,30149J
1,GPMES5
1,75C0QP
1,UHRPOY
2,JHQJ7V
2,2S8WZ0
2,8XHB9I
2,D1TY01
1,9MDZ3I
1,E4D002
2,ZH898V
2,C3A7SU
2,B7K6E4
2,E211YH
2,RLM1QO
2,A6NPQO
2,OQIN4P
2,AJNKQG
2,T355XP
2,SGKYR7
2,0G08HX
2,1LA0L8
2,PCX4OW
2,VQ10MF
1,QI647F
1,UXNIIU
2,J0HWJ7
2,047W0A
2,M8YAS8
2,AIFL0B
1,ZCPLRK
1,5C3NK2
1,VF2VBB
1,CXWLKT
1,5RRWX0
1,KF8X1J
1,YE6IJZ
1,4NIEH0
1,ZOA9BG
1,PQDZ5L
1,7GXPO8
1,EBJO6Z
1,KGLXAP
1,LMLG7U
7,KK4K6Z
1,38PCLI
1,0MIF9P
5,Z6ZHH1
5,5972VU
7,A2N2PF
7,O8P1BN
5,39LYFN
5,0GHONR
8,S95QLQ
8,KRHKXN
10,XKAJG4
10,ZK48SY
1,4WEOCV
1,8EY6HE
2,43GDP4
2,UTZ3OM
2,FCZ3A4
2,B21MF1
8,VFKZ1F
8,0Y12TT
2,8UVVZL
2,9H398A
8,7SAKX5
8,PN9EQE
6,19V935
6,5PFUKU
6,VE85TQ
6,YOPDQI
3,GCORLW
3,UU0GCW
10,4KFNNE
10,BN30L5
2,AGG4VU
2,9JCLZ5
2,IJDG6V
2,3CTE2K
2,H4AW62
5,9O0O76
5,W8485P
3,U9ACLT
3,SAGHMW
3,QPZ160
3,NEYNSM
2,V76OVE
2,AFF2MR
3,7DSD9Y
3,2IFRXK
5,I9DQKD
5,86D5NE
5,V3OH7T
5,TDAC07
2,OM38FI
2,5Y81IV
2,FQLM3S
2,N5SQXJ
3,6J1SBP
3,4FR7WW
3,R09DFY
3,IVPAX5
2,NIRR40
2,LHYTAV
6,0WBIWD
6,WDC3I7
6,AJJNOT
6,7C8H5O
3,UZYB7C
3,13302C
6,RSB58R
6,VNS4QI
3,P1YVHI
3,90GP3P
2,QZFFWA
2,3SU502
2,H5XONZ
2,RVI2U9
2,Y0NCDS
2,HYR59Y
5,GF1QI4
5,PRRJ97
1,I9LBNA
1,RQ9XTV
4,U0KKG5
4,HV7UPB
5,MFA3MV
5,GTKCPN
5,8H5A5A
5,38KGHE
4,G34G2C
4,ELX05S
1,HOC95X
1,Y8NX1Y
4,LDWE8W
4,H8LH0I
4,DUI04A
4,8Q7CD5
4,RBY0GF
1,0BFYIX
1,P6NMZ0
1,OV5BG8
1,QOQZJ6
5,F86URZ
5,MI0GE6
8,69H2AZ
1,9ELFAC
1,3H7P6I
1,J2IBR0
1,CZOM1O
5,PZK78H
5,5G0LUL
1,NXJZQ3
1,PWTJO7
5,WEX2RQ
5,TPB849
1,NQPCGP
1,3RJLQD
3,CP4AEG
3,JC8KIT
5,YPYLV9
5,T7HC0P
7,TAUAMQ
3,LUY7JI
3,X2R9Z7
3,WLU83N
3,7A2C5S
3,BIEWPF
3,OW7ZNR
3,NXCWH6
3,OAIVAQ
2,BHVJ6S
2,02USV4
9,5BD9RU
9,8S20IZ
1,U2ZW4X
1,9APSH0
1,8UJ7BT
1,9O9V9P
1,P63QOW
2,0SI5TM
2,4OASZN
1,8PZSD9
1,7MZVA3
3,LYD3GB
3,19FB1K
3,UAGD03
3,TWTZ98
3,USGEYS
3,OKL4TN
3,VMW888
3,ERHT43
1,FLOYRE
1,V5TYGR
7,A9JYQB
7,5GWUDO
3,DQILRQ
3,B7B1AN
3,00T5P8
3,W9TMOD
3,RH7OI4
3,JP8H5O
4,CX5MST
4,MY6PLJ
2,NWZO4O
2,VZGVLJ
8,RBWO3Q
8,AOE4AD
3,8O70WT
3,T7Y74E
3,7ZJI4L
3,Q5JOS8
5,JDEXIW
5,4V1MN8
2,BP1W1R
2,FXYU91
3,RZRJHV
3,NV4C8G
4,XZ2RRG
4,92OENT
2,34VB69
2,2V0STL
2,AYEXQW
2,B2F5SX
3,ZJBCU0
3,YX91O1
3,3Q31X0
3,N1D6LN
2,COU4D9
2,KGWICR
1,TYRRCT
1,BUYAIR
2,FHO4V3
2,C52X0H
2,854CRY
2,VJAWYJ
2,HN3YU3
2,AEYBU0
2,URULZD
2,1IZP3H
3,HBGJQR
3,AIYX9E
3,COQ9AL
3,2QEHDZ
2,6SF54Y
2,0T574K
3,CKGT5Y
3,BZW6G1
1,HXVM9V
1,TK2DC0
1,I1S1RA
1,6ECGG4
2,WVXT58
2,GREHRK
2,KLPWKE
2,VLJ2T5
2,V1V332
2,6D2G6E
1,621TFX
1,GB6S0V
1,NCDM4U
1,9VN5Z6
3,P1T4EB
3,2A05WS
1,AQROFZ
1,C7JIJB
1,WRS5GZ
1,SYFWKS
1,G8IFCB
1,R6NMVU
3,BHGVLV
3,6S8PVX
1,NE5T47
1,U0EQKQ
3,XYQW34
3,95B7VA
1,H2U5AS
1,LJ7WKW
1,EGSUGG
1,EVCQKY
2,6RAE44
2,PZH1WP
1,RTC4YK
1,DJVK8L
1,XWOWL4
1,FP8GP5
2,O6J8HA
2,1B52LW
1,WVCI9E
1,6V2T6S
1,MDJTE9
1,I6UNQZ
1,SEAQ56
1,86Y0PO
2,FYZ1K7
2,M625JO
2,5CDUGY
1,5CCG7O
1,8O51TX
1,1XCFDE
1,BD2YPI
1,N948HZ
1,0NXDI3
1,3Z3SFP
1,R0H8EC
1,HISBGL
1,7U0S76
1,5VTG8L
4,HWOCKQ
4,5V87XV
5,OMYETQ
5,KXYFDO
5,8SJVFB
5,7EZI8N
3,ATE40D
3,1N8B3Z
4,L2NZ1P
4,WBD3MP
4,TKRQXT
4,172Y71
4,OW8VX3
4,D8CGVZ
2,OOTZ93
2,8RZRB3
4,EWKL08
4,7ADQVO
3,9ZTOW2
3,AF8FB3
3,0LHKA7
3,FA2YF1
5,DO9GZU
5,Z7OBCI
5,2OQASN
5,61ZGUQ
5,YBH778
5,U58PTH
3,FI3LU1
3,EMH1BT
4,L2G88K
4,JKZI55
4,T2P0NV
4,DYZNOJ
3,B7RSBP
3,16LKN7
5,RBX1ET
5,XNKO0C
2,094PQW
2,M5PQ0C
3,W050N8
3,EOPTHL
3,CBX7MH
2,C9NGS9
2,KVIDBD
5,J4VYWL
5,B7P7IO
2,ZIMYIB
2,AFSANM
3,F52I9P
5,9DR8XN
5,UH62VY
5,YE6N84
2,VBA5SQ
2,5OIDRA
5,QIDX9F
5,QIVP4M
5,DJLLG0
5,PN931F
5,F1FJ2E
2,CV30YP
2,I9RY1E
3,W5IXOM
3,BHRSSG
3,G0GV0U
5,0D7W46
5,4LD9C4
4,KSPKQZ
4,9BHS9U
2,RYC53D
2,MWP2Y1
2,93W4N1
2,9FIXH0
2,JWE8ZC
2,91EQTR
3,QN3AYW
3,EW3G7J
2,ASQJPY
2,6TVGZF
3,2M9ABE
3,G6Y8MO
3,8JPQO1
3,GVTV6Y
3,53OCR9
3,B10BMO
4,Y86U1L
4,8D38YT
4,480HFQ
4,ZBI5P6
1,ENELW1
1,GD9KVP
4,20DYVN
4,3DBLGC
4,KYR301
2,I54EYP
2,FELE0W
1,1JL9HF
1,P4093N
1,OAXKVR
1,STGP2E
1,GWDKR1
1,96HXCS
2,Z4LN9M
2,78IOWM
2,I2UXWQ
2,H8P6MY
2,UFATIL
1,V6OTKI
1,06EPNO
1,DUFU9U
1,6FRXJ0
1,O3EH43
1,CTYJ43
1,FEN09N
1,FPPIZS
1,Z0AA41
1,G6Q60A
2,BKS775
2,FBL464
1,7UTPCK
1,HD40LT
1,Z4OJSQ
1,K9WGGW
2,XJA1HX
2,MS3QUP
3,MMQNFE
3,VUNEH3
1,JXN21S
1,35MN0Z
2,F4PFFY
2,PVYDH9
2,WFAUEX
2,VHEIVM
2,EYF7A1
2,F50V48
1,40KQHO
1,P0W59K
1,039MC3
1,NPODP0
3,AH2IKT
1,ZS2H44
1,Y0LBEZ
1,CY5QE5
1,ZWHCOA
1,IBUHZE
1,N7ZZ7A
1,8M1OZW
1,P0FL6P
1,IUM1C7
1,EMM3GI
1,PWOJON
1,FTT6I5
1,9EBS2Z
1,GRAB5D
1,D9DPVW
1,UO9WCK
1,O4V7CC
1,KIX77M
4,ON6IC3
4,PK2XWE
1,RJ3OAY
1,MW8WUX
4,74I5PC
4,SIZ9HA
4,JZPY83
4,TQ2OYF
4,WIYNBP
4,7TUS9G
1,ZLM245
1,KR4TSH
5,7PT5SZ
5,NHUK3U
6,3R7IPB
6,XWFLPQ
5,WNV7ET
5,FGK267
6,0LXXIB
6,YEKIW9
5,6KP9AF
5,5868Q4
5,JD6MKY
5,AZIOLC
2,6F18QX
2,QB89W1
1,HF2RW9
1,62EO8V
1,N9GF4N
1,7H4D6T
1,DNU680
2,ZKL0UW
2,I0YQIV
6,OW8D1F
6,1RFGFP
4,98UN2U
2,GYP9RA
2,YZTQJT
2,E7LJ0S
2,MXTDBU
1,L89CQJ
1,R5GMIR
1,1BIZM2
1,3IO5R7
1,B6XX0V
1,CDTQVT
1,Q43OMP
1,5CIMZB
1,UYCTX9
5,9274GV
1,45R0Z3
1,RN4BAK
1,MKOSZO
2,ZUHLAL
2,56N36A
1,ZW25UB
1,H7LRX0
1,M1DP33
1,QJQZYO
1,HJ1LIW
1,WREY1F
1,MH5BV0
1,SHLFVE
1,B30VED
1,SE2RBI
1,I3ZBE2
1,B3AMPG
1,DG3OUO
1,DBQ0A5
1,KIOUTN
1,G6ZD53
1,0EJDH5
1,XK53ZF
1,ON5UR1
2,NLMNQ2
2,ZXU1YS
1,GYVLK5
1,KVCT98
3,8OBQKO
3,PNGNXB
1,8LP5P9
2,35G153
2,11R8FA
3,B3WUYV
3,94ZL6Y
1,YFYUVA
1,M6FZOU
3,MJSR0P
3,C989D4
3,0OJ205
3,246PJQ
1,MQ7NPD
1,0LS62V
1,IE5UDA
1,EKAC03
1,4XMHDT
2,9U63MH
2,Q0O66F
1,PGV45Q
1,8X1UPN
1,F2HCZW
3,PBNC66
1,1AXB9W
1,58EL7P
1,QI2GZY
3,QAUP46
3,ZTK46T
5,LD3AW8
3,XU84X9
4,DZP631
4,8GVPSC
1,QCAOW3
1,5FBKI1
4,Z46XIV
4,YU0CCM
1,9W7AUL
1,6YZK08
5,SUYR0M
5,PCGJK0
2,0G56QV
2,VADM5T
1,VPEXD9
1,6P47P1
1,43KJN0
2,ERB0EO
2,RB5UYU
1,2XUKMK
1,12JFM8
3,X89K3S
3,XSK89N
1,W4V6H1
1,VXURWP
1,WWVZY3
1,H0FBAI
1,3GQGD5
1,DW9JDZ
1,UWQUK4
1,UX93G5
1,XB2R3Q
1,12FK1S
4,G0B7D6
4,2EAFAS
1,F6NQ7S
1,S96C42
1,0DD5CS
1,ODYDOT
3,5JMJDI
3,H8RCPT
4,8P3PQ7
4,E9AKRW
1,L0PO3N
1,MRHQ1G
1,D67COW
1,ZHG5XH
1,BPR735
1,PJRTE9
1,Z9SB7Y
1,NOTQ51
1,G21PU9
1,UWCN3U
2,KKRBVU
2,FH0CQQ
1,8RGLOE
1,F7X094
2,I9UDL5
1,XY2Y3T
1,UH9TNT
2,QLL3NH
2,R7IBMQ
1,4D7J1W
1,OUDM24
1,OE4RFQ
1,2ZOALO
1,O8QT2A
1,6JA8MN
1,PV1KTN
1,7CF5O8
1,XWZ30N
1,O2SB0R
1,8EZ6B3
1,Y5UUUB
1,7AKI35
1,N2YFVD
1,A93R5X
1,YV7TDM
1,U26D1U
1,W3LTIS
1,A6UUUD
1,PI7635
4,ZJYY5Z
4,DRD8A1
1,5DE0H3
1,WV6QG3
1,XXAGU0
1,FE1K9W
2,OWROHG
2,20STAA
1,NYZ3JV
1,FGYWBM
2,I7YVSX
2,I9HN7C
2,D6YQHS
2,PZ64CV
1,M3X8CR
2,QAP6GF
2,KK2IAZ
2,M70050
2,ZBSSQK
1,XANARW
1,HNX9GZ
1,RGE231
1,CZ68LB
1,RBDBNZ
2,T07S8C
2,UO62HC
1,I59TRY
1,DMOVYO
2,UM48BU
2,KM6QY9
1,5G1O3G
1,HBHM7O
2,0QI9X0
2,YQ3EJA
2,39E17O
1,IOOA9B
1,PVZNE2
1,T4EMHV
1,ANNUJO
1,VXYB7L
1,UFUUEF
2,FZIQ44
2,2X2DJU
1,G69O36
1,NLUJBM
2,QOAWQH
2,YAG7QN
3,XNCNSX
2,83ESEO
2,HJVDE5
1,4Q2GPT
1,65RG6Q
1,61UZKU
1,IQAOWE
1,0CJON7
1,T1LEPU
1,47YPQ0
1,5MXSDA
1,2MJ0L7
1,JZHLQO
1,OJC55C
1,MU7L6B
1,WPORK6
1,X18NG1
1,GIRWMI
1,1KMXYP
1,ALCPRW
2,ZA15UX
2,IFXQ4W
2,YZDKE9
2,M0SHK0
1,Q8VV49
1,F2G7ND
1,B6ND8O
1,XJ06RA
1,ZXM9NB
1,RONYPS
1,DN6TZP
1,5N25H5
1,Q4NNYJ
1,3ML410
1,FE2T2U
1,ZDXQSX
1,3PNH4F
1,I54RUY
1,A082K7
1,P286AJ
1,YGVC8C
1,YVAHFV
1,GKU5RL
1,QSIWWM
1,UCCYFT
1,I2GCHD
1,0G9SVN
2,B6PIJ1
2,23273E
3,7EJQ2O
3,6K6GSU
4,GW38QR
4,0MVOPC
1,9NN9XL
1,LD7IY0
2,91TM00
2,R6GM31
2,NO2Y2L
2,KGJ46P
1,6L67G5
1,S8CVX7
1,C2IW2X
1,CMKRBH
1,JLA2XP
1,YE47NX
1,6SWQ1Y
1,OD7DY1
1,NV7RCB
1,GLWEUQ
1,3KVNJX
1,W2ZART
3,OMK86V
3,WAOQL4
1,S62ZNG
1,XM1SOP
3,DUPK8L
3,53UVLR
1,O4J6F9
1,PIEXJC
1,GVWIQA
1,OFCNKK
2,4VBKAS
2,8TMVO8
2,K6UN7R
1,W9KSWG
1,VG7M29
2,9ORARR
2,M1CDTY
1,UBF9BU
1,EZQNLZ
1,Q0BRH5
1,IECU28
5,GEPA0T
1,1VEA2B
1,DNENUV
5,1G4IJX
5,ZX0MZU
2,1MG9YN
2,BXJPYS
1,OOPTFZ
1,A46VFX
1,OQKRIK
1,IZ8WIK
1,84JNSD
1,NKSZ9D
1,B12T1M
1,7AN1IU
1,V03Q7I
1,EA3BD0
1,R7DIYQ
1,16N9L6
1,JHDPY3
1,N8UG0V
1,8EBBNS
1,XHTPR5
1,TYOHRX
1,17SYCF
1,CAL8MJ
1,V3939E
1,BPKUQO
1,RBEXZA
1,A5ZDC9
2,VMDPA2
2,LX4H6J
1,4WASR6
1,22M6BB
2,ETCEHM
2,U1TU71
1,O2MT3V
1,VL4XZC
2,VLZBPW
2,DSGRP2
1,99KFA8
1,DADH9U
2,YT62IB
2,MUVTUZ
1,HS7QO9
1,7Y3RS0
1,K4UDWA
1,GSX0LV
2,SSBHKR
2,0KR113
1,I7W9R2
1,T3T6E3
1,MIS6L6
2,HTJYIX
2,J6V3TW
2,Z3SBMB
2,S3554J
2,L2RCZ9
2,H3VC5X
2,3L3M77
2,IRU1WP
1,MPBDPK
2,K7E7ML
2,YBVO4F
2,85LGI4
2,HD0Z51
1,W7H2G4
1,AMH704
1,CHY91V
1,JVZ498
3,8HSSYK
3,0YC8IB
2,QILLU8
2,FQ2M3P
1,SDY9EK
1,ZC63RO
1,9YWRPL
1,6J1O9F
1,LHAM2Q
1,K37XJW
1,FM7ZTQ
3,6FURSG
3,OSCGIM
1,YMC30M
1,HIHMNH
1,VHNNX1
1,A4AH7E
2,8FDX1Q
2,AFNVDA
1,AS7E3R
1,YFD6D4
1,H1ZIZ5
1,NE6JNF
2,L1544W
2,2LFTUI
2,9YO7X1
2,R9DGCL
2,CGETKX
2,8XRCN6
1,4BWQUP
2,UEXE9U
2,D31FQX
1,3UL7ML
2,4A3YFT
2,CX22UH
1,XNSTUJ
1,YP7VGU
2,CK8LSF
2,DVN2A1
2,S6EVM1
2,QNXD3X
1,OJCVK0
1,P40V31
2,ZOG24O
2,VMJ1SJ
3,UNJPH9
3,UKX9NZ
1,TAS0EF
1,AQGNAR
1,6YCC4A
1,DHA3UK
2,OQ2ZR5
2,YH0QFB
3,MB4IZ8
3,56RMWL
2,W5NK58
2,2Z5NKM
3,21YES6
3,67EMHD
3,EXX690
3,WW7ZWO
5,KYTRNB
5,W975FN
1,YMGYL9
1,1VV7KC
1,L3TX8Z
1,VVYOKY
1,CGE72P
1,SCBWSQ
3,41S1FN
3,QDXY7F
3,Y34MM5
3,WB9O71
1,7735D3
5,O9N73B
1,AQ5V3K
3,VNH45Y
3,KVKYOV
6,UKHILW
6,4G5OUC
7,F65CHY
7,1S9Y1W
6,YIL2XR
7,Y9LO5X
7,RJJKJN
1,QBIL8S
1,7LRE3O
9,1JY4AZ
5,T3EYE5
2,6T2BLH
2,BBNHLI
8,P2RMQ9
9,NDTK7I
11,GE1CIV
9,Q73G89
5,OG775M
9,AEOK3G
3,GSPASL
3,8PX68C
6,JEBJ3A
9,FL3L0F
1,EOD9KX
9,JDJUX0
9,XH4BU0
9,1HWMUY
9,W1SGXY
9,P5PX9P
9,5IT2OS
9,6MMJMG
2,7YPIXU
2,MLNHFW
1,5R92WN
1,7DSKQV
1,89A90P
1,TADGE6
2,0VNV2O
2,P9RVSB
1,T6JSMS
1,LBAL29
2,LAF14J
1,3N95OG
1,SXZYD5
2,YDA6D4
2,WD9TKV
2,01904I
2,UC01AJ
2,T8FP5T
2,ZFL52A
3,08RNKL
3,YBPJRR
1,ROMQNW
1,OPVFCT
1,WD56PO
1,0H8BJC
1,PV967Q
1,E07WT6
1,PL7FI1
1,XYAKMU
1,56UZCL
1,QMSC6G
1,WKZ9MD
2,J1VEN3
2,GH3MGJ
1,ZJTBO9
1,9VFKW1
1,EYXNKN
2,2371HO
2,T46MB1
1,JYXG09
3,EBP19U
3,SPPNS8
2,TOG838
2,MWS53S
2,5J126U
2,MP36I0
3,CDCN0E
2,A7ZB6C
2,6JSXGC
2,1BJGGG
2,3HEC2F
2,ZMW9LA
2,KCE837
2,TGZGXS
2,ZMT76M
2,A9IUWO
2,PM0G1T
2,7Y6RBN
2,AJ6841
3,LHYK23
3,9K9VLJ
2,FQ6AZN
2,7JNK3E
2,PXQGQG
2,7TKXP6
1,45VFJ4
1,1V0DA7
3,JRU6ZM
3,OP9SY8
3,URFT1M
3,6S9G1N
3,RY05QF
3,VFASQJ
3,0XOHKK
3,3BBYLZ
1,6A4IHO
1,C3LL5C
3,Q9QWDX
3,KPSX25
2,E83WVD
2,9VMDHV
3,VAW246
5,XOUOU3
2,U0HHK1
2,SRHWKU
4,23CTY4
4,GIMPT0
6,T0C3EJ
6,V22REG
6,94J9Z8
6,6DX7V1
3,9G3HUY
3,OWY1ZP
5,09W6GQ
5,OUDJ9F
5,FD0RQH
5,857DM0
5,CRWRGS
5,VURNGH
4,9KOOJP
4,QQF3D1
5,U2MI1F
1,VF96JR
4,686TX2
4,M7LN5T
6,SNS1BV
2,0HJF6P
2,2LGAJP
1,H3DZLL
1,407P0X
1,YRSQOR
2,L06RJK
2,OGSW8R
4,AIF80P
4,MG2ZJM
4,Z5M0SH
4,11Y06S
4,CS0CDD
4,FSBPVF
4,84EJ6Q
4,Y4LEQ6
2,MZHQ61
1,EEO6YV
4,XTRL08
1,Y6G5ET
4,A7RN7G
4,C0E8ON
4,520X5P
5,8DPY0N
5,1SOLSO
3,5RUZY1
3,C07QME
2,FNMTFF
2,4OD0YI
2,WJ9M5T
4,1OUSWC
4,MRTFVO
4,J7488G
4,WTR510
2,VBMYZZ
3,QHN76C
3,FIXDBR
2,YM6BJB
2,EZONR6
4,92QW7A
4,MFAX4O
3,YEUSVS
3,4VLEXI
3,NC89P1
3,LXOLEJ
2,D2X2Z6
2,OB6SNC
2,JKZPL2
2,793XJM
1,3S0HBJ
1,3468UU
1,M9U8UL
1,O0ZDBX
1,RD67ML
1,Q2779J
4,BT5FC1
4,2D3RXF
2,FQVQ4F
2,72EDB0
4,7NR4MQ
2,YZE6JL
4,NZCH3L
2,QUDH1J
3,QW9Z74
3,HIWPEI
3,IIN1J6
2,IC2JDB
2,IC0STC
3,C18WH6
2,9ZU2XR
2,U3SYG4
2,U9HT53
2,O2EHYJ
3,ZJNRBP
2,XZ4L36
2,VXZ84B
3,B4WLUP
3,JIKEQ4
3,D1VNRA
3,PCFNB1
1,411GSD
1,U69Y4C
1,JH2TA4
1,HBRIW7
3,509GV2
3,9RD1IR
1,XGDDRN
1,6Z7ZGI
2,NYDJX2
2,CU81L3
2,M4XMGC
2,DCXS2J
2,803Z19
2,VIOYM9
2,VK4TC5
5,OVDMHW
2,5J07XZ
2,P0WHZX
3,04WWF7
3,DYTPPA
1,433ASL
1,G1D217
1,8NL52Q
1,UTNQ02
1,OV3OBY
1,HPW1WE
1,1P7K1W
3,VUHADA
3,ZMEQZD
1,SL0SPF
1,M1KMUA
3,OSGXK0
1,KH0TH3
1,SNS08D
2,9RAPZH
2,ADRCP4
2,PCSJJT
2,GXYI9A
1,R1Z16W
1,6U35P7
1,ME4NZS
1,TIEYS0
1,EHL9IL
1,JIO1F1
1,K4GSUK
1,5OMFAT
1,W7B9NL
1,B9LD3D
2,2VL7NE
1,HO9WI2
1,0T11ZY
1,RHSOGL
1,M8Y89E
1,XUUW3E
2,4XOKQG
2,FZIFGV
2,SWQ5DY
2,KF4C85
2,9KX4UH
2,RH7C4P
1,9PSZTR
1,OCRGQF
2,UMJ28K
2,6RPUPB
3,JJG64Y
3,1204KY
3,HXSV0U
3,L02RQ9
3,8545N4
3,4CNBCV
1,TNFQBB
1,H4XJ5A
1,97L0TE
1,XG2JQS
2,KCRYI5
2,HKEC7I
2,P6TBGD
2,C5ZEE1
2,WTBO0D
2,C191WB
1,SMMF17
1,VG9W5O
1,11QEGH
1,D81TAC
1,6V459A
1,VJ2YLZ
1,RNGK0O
1,A7NMM9
1,YRL4LX
1,K6W27H
2,FBFIAL
2,LIIRZU
5,D3AJ80
5,RC946R
3,DUSPHW
3,C65H43
1,162RDL
1,FJVJ7E
2,2M5O8O
2,WYBQ4R
2,AXIKCF
1,GQ1PPJ
1,JAUQVJ
4,BEFNVY
4,RNVAG2
4,IPTVIR
4,YTJHIN
3,STOEOX
3,TEVZLM
4,J5AE7R
4,JFJ9JQ
4,5B74SP
4,X4NLCO
4,QF3WIB
3,VERQA7
3,UVBE4O
5,VSZ2MT
5,RN1Q8T
1,ZV7QQO
1,REH071
4,ITI7VT
4,2NV48H
4,MC9ETI
4,ZYUH0O
4,SFVGTF
4,QJ8NQA
1,EQ1PHB
1,MIBZ2N
1,BKJQXJ
1,UBZKPG
1,MJSR9S
1,I4BFB0
1,UERA0V
1,5GHNTA
1,VTAZSY
1,L4BYG3
3,RVVRZ6
3,0F9Z4E
1,T4SPEQ
1,MDN4DP
9,8PRU8X
8,GC80OK
8,OOEMFI
1,Y8PYJU
6,Y6F5SR
1,WUNCIS
6,97YPK8
8,GGQEMJ
8,BO6OTS
2,46AJIV
2,P7GB6K
8,DOE8WX
8,KDWEBW
2,I6Y24M
6,NBBJAM
2,R1WF2W
2,8I5LF0
6,A51ZJW
1,ZEQPZU
1,VXACQC
10,XO7TJV
10,G88YMY
10,1V68XE
9,8GRC7H
2,M29O9O
2,1HNO6E
1,LVWBZP
6,P7BFBM
6,7XXIBU
2,DOV6JC
2,OM3F1R
6,WNY1VY
6,X8WYCZ
2,3D124U
2,3CDZEE
1,MMOK15
1,0S4V98
4,YWQA4J
2,BCNTC9
2,4OI3SE
1,MMGKQ7
1,M6K9ZI
5,OXCYSZ
5,4L32TB
8,KET7BE
8,L5DE6H
5,CZBM93
5,CTB36Q
8,D7V0BQ
8,D9BITS
8,DX0XHK
8,SQITIN
1,AL1ENR
2,UK4IA2
2,EOSH66
1,8MY4VM
1,TL9YWF
1,T153AB
3,C3J98M
2,T7ZC4D
2,2S04IY
1,3CP3P7
1,VWRM4S
5,71TXKY
5,MQNC99
4,HGB7DI
4,AODXYQ
1,G7CUAP
1,Z7G0LT
5,3H70WM
1,3R8H9P
1,RCPY10
3,PU1ZA2
3,GCMUNE
3,H6BBQG
1,N3VT7Z
1,SC1N7O
1,EH7TUU
1,1I9912
2,R246ND
3,I9OXPQ
3,28JN3Q
1,O7TKMT
1,1E30NW
3,9JHE9P
1,HPEAO9
1,R4G2D9
1,0I0SB8
1,XC9M0B
1,N7RCPF
1,W9UK3J
1,INV9RQ
1,VBOPHY
1,7HCRRJ
2,GMHR6B
1,V44HBC
3,FNENMH
3,9FICP2
3,CHSJOB
3,H4H37P
3,KJFW09
1,NYHMEV
1,LXQOTN
2,7YV994
2,2YZ7NM
2,ZBC7TV
2,NN8F1G
2,EIFJGE
2,ZKS8C3
2,X9JDQ0
2,JCJSE6
2,6SXVDP
2,WFMAHI
5,CMNK9N
4,U18BDZ
4,RCOUQ1
4,5SLG82
5,0OH5GH
3,WVGROE
3,YVF9HT
4,X9C20F
4,LAJ5TQ
2,F0D3GU
2,N0ZHVL
1,ALRK1G
1,QL21FS
1,Y1Z9Z9
1,MSGZUY
3,NYDTSZ
1,YEE3IW
1,LJ5K7L
1,O30L35
1,MTBO4R
3,QLE9N0
3,UZJTF8
6,C0X0HX
2,8QT9ZH
2,98GMRZ
6,2UQ2BQ
4,UYIGD3
5,KLW0DN
5,Y31OI5
6,DHZFH2
6,NFT399
5,6G4TZ4
3,DPZGJE
3,9CQB0L
3,6ST42S
3,23TM81
1,70NKMA
1,VR0ON5
3,JY54SE
3,MRMGEN
2,P2RI7D
2,PPXDUV
2,KWPUUW
1,BDCDP5
1,IWXG88
3,GVJ6F2
4,1LZPJH
4,SVO8DD
2,Q0E2T1
2,7ODQT9
1,B3Z8JA
1,LBEFEI
1,LQHGPL
1,P2XI9H
1,F4I3SS
1,C7NMUN
1,NUGTHL
1,AOAWE0
1,7GJ5W4
1,UVDHT2
1,0DVNOA
1,VNWMAA
1,HQ5LPI
1,VI5I3S
1,IX3IZT
1,HHE9JU
1,LMETJW
1,QXSYC0
1,10C4BN
1,0IB845
1,6CN2A6
1,J1J9C8
1,D5SH5X
1,7G9GW6
1,ODZ44K
3,XSY9UJ
1,CYJ9SP
1,KMSC4Y
3,IR7CCP
3,WL5H3X
2,RQWKLY
2,S7XRZ9
2,YX8PVD
1,ILPB85
1,LYEV2S
2,PD6ZA0
2,R1O9IV
2,FNR9FH
2,9R38T0
1,7S3PIW
1,XZAH6V
1,OFVXBM
1,Y7BP72
1,BLN6AF
1,J33M0S
1,19YZWO
1,KTZVLR
1,ZAKZFM
1,TKH4N1
1,Z1MOW1
1,7M22BY
1,VXXYVU
1,S4FPWL
1,5OMAD7
1,DBZFOT
1,QBUPRN
1,XRA5JY
2,B3442X
2,75K9GZ
1,PYB2SG
1,X8T9FD
1,NNPH5W
3,CC7XSC
1,I8MIAD
1,YZJI42
5,23VFEH
1,GC0641
1,NH239R
1,3R5X98
3,ZHK7YT
4,4DEWNL
2,HR7P9P
1,ALX5MP
1,MHUNA7
1,RODN9P
5,RS8E9R
2,XMNUCH
2,GKVW7P
1,JXRJ7F
1,FLUZPA
1,7GLHFB
1,02CYPX
2,EFVEXN
1,F7S78F
3,5WF7V9
3,G4SC8W
3,6YR5Q9
4,VWTEWT
3,VJX15T
1,POD66J
2,TB6SOM
2,FC7MTA
2,J9DNRN
2,UL4EN4
1,I36E9I
1,0GTBX7
1,G2037D
1,EO99DB
1,29XQ7S
1,FVKBZK
1,6HN3BQ
1,0YV6TB
1,F6NA8L
1,4G1FE2
1,G8EUQ7
1,K6I5JN
1,4TVB41
1,OFUXJE
1,O039M6
1,WAY364
1,7C471B
1,418UO1
1,QAM8DO
1,SQ6CZL
1,42LW0J
1,H4VJ6Z
1,J9WUC3
1,99174P
1,1MGUVW
1,PG4BNE
1,Q45ZNS
1,MYMU9K
1,I574GP
1,7MJJKJ
1,L1RK2U
1,R6NQR6
1,SD0YBI
1,9OHVE5
1,TF2IG2
1,8DQUA6
1,SJIWZL
2,OXWBMI
2,XMFVTD
1,UZQFBZ
1,6CSY00
1,N009KS
1,EJ50U0
2,08070A
2,SDWTL3
1,FJ98D6
1,SDHUZI
1,I5KG2U
1,4C6140
1,919MLW
1,UJE4XG
1,RUIG2F
1,5BPLG8
1,2F4RKU
1,32N0LW
1,IB1NL6
1,1EXFST
1,4WJB5S
1,W9PD0V
1,J5MH13
1,6AFEMP
1,YI232U
2,ZLFW06
2,M9WNPH
1,LAQ0Q1
1,NI1NQ8
2,FDUH8V
2,6JLUWM
1,NVXYLY
1,VREKDF
1,1RGIWY
1,G4TL22
2,I9YU30
2,PEE8PK
1,5T4COC
1,FYBGMA
2,YP2TOX
2,XSBSUZ
2,X15XB8
2,HJ7JPM
1,XBGDR7
1,X6OOLB
1,WC1D8N
1,ENBDRH
2,VWKB88
2,TGHXP3
2,PTLLW7
2,ZBR51J
2,LA7ACL
2,I56RUL
1,V0VHS8
1,G4EV33
1,6X0H3D
1,5DY1LP
1,BRG9OP
1,QE4U3W
1,YIM4Z3
1,FVXXZ7
1,XCJ1E2
1,PJXVJD
1,YZVIP0
1,09TU6C
1,WWT1NE
1,B5D2RZ
1,VTUHJC
1,G6CTIZ
1,WP004A
1,R1PSF3
1,6W2GY5
1,W6EO6F
1,XBRIC4
1,OSNYDN
1,SRF8HI
1,GIYOH1
1,CKJON2
1,F07JLN
1,XASDPN
1,87VJHE
1,S9RFMQ
1,ZO755B
1,ZWGRSM
1,TKA8RV
1,KRNQM8
1,QXCS97
1,C99JHV
1,R48Q4I
1,M3T7MW
1,EPKA50
1,1YUDI6
1,2LOYTD
1,4TFAE3
1,8PR57A
1,VNV3FJ
1,VSQR5J
1,M9L8AB
1,NX3ZVG
1,2E6WYM
1,41YDNK
1,FUFARJ
1,D7PZWV
1,TKEQR1
1,F3EBSE
1,RWH39L
1,7JLPYD
1,Q8VWLZ
1,7N8YY9
1,D9LRG0
1,EROHDM
1,9OAGDB
1,Y10BQF
1,N79N53
1,O6BAMN
1,T9AA05
1,7THZUF
2,V7QJ3B
2,5N0FTD
1,XNFTFP
1,P2CW21
1,UIVUWX
1,R1XPCX
1,P25D0B
1,RGWO9E
1,C164UU
1,QK425D
2,HFUJG3
2,D1FAIZ
1,S9LO1G
1,JXB1ZQ
1,2Y4UDS
1,0LZ12H
1,WSXG3Y
1,KT1X9I
1,2VGYH9
1,L8KA8A
4,HF100D
4,YQHBLJ
2,9YCJTN
2,FRTQKU
4,7EL5S4
3,L3WZFB
1,5WCQIT
1,AUQW78
6,5CG3E1
5,VCEJEV
2,OYWV1D
2,MW5B7K
2,SWT0I8
4,A8Z6FF
2,LU1O5I
5,UR02Y3
3,V7WGV1
3,OSGTAB
3,57KWK4
1,TC4KV5
2,UDE4Y4
2,QU28JK
2,NDF8TR
1,QPU7IB
2,BDK9GU
1,XOFEGJ
2,YZ30WU
1,5LSV47
1,RN77J0
4,MSBZHY
3,U8XW38
1,QL4COW
1,NKFPON
7,Y2IM7F
7,EPTMQK
5,GU9Y9P
5,75291A
6,5EBFVM
4,QOUOSW
1,NA2795
5,X03WO9
1,FRV73P
10,QT5ZD6
8,98A7O0
1,9AKKKP
1,3VSEL7
1,YBFJ1O
3,3VTUZW
3,XVW3UH
1,KB6GZF
1,FP25NA
1,ILAD4A
1,O2LIGB
4,2PC4IP
7,EIG9RV
7,GUXZFR
4,SDH7D5
10,I992UL
3,J4U6D0
5,I9SBCW
4,716F65
7,S78T6S
10,KL3C87
1,UQNDIU
4,74AO4T
3,F71O8A
5,8BAZTS
4,VVEFIE
1,Y1QQOZ
1,WO6S7T
2,4SP0VL
2,U6C834
2,A2GKLH
2,KXCIXJ
2,KC3YFX
2,348T0Q
1,3W4BF7
1,SJMR31
2,WU0QY6
2,A5Z2PL
1,CNBY7Y
1,CDKWTX
2,ZIGKS6
2,A83PAP
1,Z1JWTV
1,Z0OUAJ
1,80S7EF
1,8681EB
1,GUVDN1
1,M02MN3
2,UTTACY
2,1Z8V5C
1,H2JO8W
1,JQWHST
1,6KYK9Z
1,J33TP4
1,MOBUVO
1,78517G
1,RT88JM
1,JDG7XR
1,JLXZO4
1,J6FFWR
1,78GHTQ
1,TSCP2O
1,M8UY8D
2,05G9AA
2,E1WVVQ
1,ZGKD0X
1,0O97PT
2,UGQ3G0
2,4SFKC3
1,HNGFWH
1,R7GAYW
1,2PHAC2
1,4QNWFE
2,BJT5Y0
2,CXRCJX
1,E2H4NZ
1,HCH3OH
1,GOL6KO
1,R8ZOEL
1,683HSU
1,KUX1LN
1,XOSVAT
1,YZLZ0A
1,KA1OSH
1,V2239P
1,QMLF9S
1,8LE46Z
1,3MCG3X
1,R4KVF6
1,39HIDZ
1,VWOKQW
1,9DOMQO
1,3A15KZ
1,BW77LR
1,6NV6Y7
1,OSAV31
1,V8EWOL
1,EE2SK6
1,Q60NOP
1,FWOQ8Q
1,Z8L4DC
2,OCA5H2
2,U5KFAU
1,UAZ16U
1,Q05LUG
3,36EFAZ
3,7G2XCB
1,HPMT75
1,TNIKTE
1,B0TKAM
1,QQBHYX
1,VULS9D
1,IGKARZ
1,C9QKY5
1,NFAH4E
1,IPY8SH
2,6TFCA4
2,LDPY0D
1,72G5PW
1,5FVL1K
1,N3WRD3
1,1X4TWB
2,MNMGXF
2,PNXQ39
1,0AHTQJ
1,NBDOD5
2,SZ0XZ0
2,NZL9KT
1,40IPEJ
1,LSID3O
1,UKH3X8
1,HKZJWH
3,KOT8PK
3,XHO32G
1,WOXENP
1,HQ7IN6
3,1F44NN
3,1SMRPA
1,6LVIMM
1,9Y6HYH
1,ZKBRE1
1,KDCNFS
1,L5ZVC2
1,PT27EZ
1,7LC0T9
1,DOAR1P
1,9W6921
1,4EOYRQ
1,447YTS
3,UEO2ST
3,I1BXHV
2,TD9R2H
2,TOIR4Y
2,8SN18W
2,J1I2OI
2,9T1EOY
2,84UZ2U
1,DS6Y6R
1,VCNSNL
1,AH7DU6
1,HKK1T1
2,W161MZ
2,VVXBIF
1,OO6EV4
1,H7OQJX
1,VO5X5C
1,54RUYN
1,QG2M9B
1,G5O1EH
1,RVLWFU
1,VDQM48
1,THTS7G
1,HZ9KBH
1,WXMIG2
1,8MC7AL
1,1UJ2D0
1,IU0DFW
1,AXSF8L
1,IJELDG
1,JJR9BY
2,273J7K
2,Q0FTKU
1,QYBCW5
3,EH9AXK
1,NVZ4XB
3,J9TL3E
5,WIXNIE
5,R8ETAR
6,Q866PO
3,450GO6
5,0R1L4B
5,R842EQ
4,DYTRN3
4,PXLA4G
2,0V31UZ
6,L58NI4
2,TMKOE4
2,W1T8FJ
2,7M5JA2
5,UYU7O9
4,6KH3R9
3,KE52TR
3,8OPJQ4
1,RJ2UDW
1,7OOO2Z
1,9LXDST
1,G79WD4
1,LJQVIF
1,D0SSP1
1,GBCV87
1,PGBVIS
1,E2U268
4,JJBIUY
1,MUBK8Z
1,KPDJ1R
3,4RY7CR
3,EVIBPO
3,83RFAX
1,ON04P1
1,T35JQL
1,F532AV
1,EC7B5C
1,6CYIG2
2,V1A7U7
1,PS1FZK
2,00E4BQ
3,WKXUTL
3,ILIOU4
1,84MTUV
2,P2D8KC
2,JTYE5F
3,RD5U8K
3,JQLVSQ
2,FXADY3
2,G3U8CO
1,2FFS3F
3,QA1BQV
1,R68A63
1,1K37F6
3,HZDJJH
2,FQFY3Z
2,O94F8X
1,U8FKHG
1,JVZMWP
3,U0XO46
2,T28P12
2,FL8LAF
1,EV7V72
1,OX5HBO
1,WB10ET
1,D0KL5R
1,0SSI6A
1,21DVWI
1,YSSDDO
1,WL1M0S
1,UHVUC3
1,VTED7X
1,TY9XT5
1,P9MB1Q
6,TAXYER
2,1R19J3
2,46AAGY
7,I5ZHYV
4,8QPUX3
5,S9VC12
6,Z4VAF3
6,TG49LM
5,11DZHN
4,LSP0WU
7,XD0BTJ
5,0HGDIW
4,VHY9L3
4,7HQ91A
3,BT48LT
6,I7SPWW
4,9S159H
4,EXUWD8
2,IOPTNZ
6,FVVPQZ
7,QCQDA7
2,2G7HXJ
2,T85JT8
7,5WN6NV
4,M579W0
4,B4J3PY
4,94YYUA
3,JI4GA7
2,NB28YK
3,4YARP9
3,SOO2SO
3,2XLBGQ
1,NNEVWJ
2,TZXIIJ
1,WFE8C9
1,UKFR8V
1,XLT7HG
1,AXM4V4
1,W35K4Q
1,TEOOK4
1,0S4BZ6
1,NQBKU3
1,K4YHRV
1,IUPP78
1,0BBXG2
1,8JL3T9
1,ZC4GRD
2,015YIE
3,E3O36Z
1,IGGVAS
4,W1W13A
3,ZS1H3Q
3,3B25AE
1,A97YQU
3,PD9OCS
1,O0JFQR
5,93BH2U
4,V8MIPF
1,IHH164
1,M44BNV
1,T03FKN
1,KBS9BX
1,WLCM03
1,HBE63N
3,P4XFYU
1,QLOB65
2,L2TGH4
1,SY9BS1
1,Z6S2C0
3,1MGEGQ
2,9M6VZ8
2,33B7LE
3,7G4T2C
2,IY1PHJ
2,OPH7SA
4,7DZNY4
3,YKCR8O
1,VIS9X7
1,RZATTM
1,1BYF9X
3,J2SNP5
1,K5PAV6
3,191IIS
2,JNWM7N
6,IXMTE0
6,7G6WZ9
6,VN0TUF
3,SJ4JUD
3,WO8LD6
3,QWJ54H
4,X6G9UO
1,VEKDFE
1,CFMF3D
2,S9PA6V
1,K7LL7D
2,MUF3FS
2,2E9T7T
1,MF6W0T
1,KODWGR
1,XP05WM
1,HV9W36
1,WGI5MP
1,OV00EX
1,9CRM4N
2,5DVFSX
2,C9GDZC
1,XL895X
1,QFYJZP
1,BD0BWR
1,37PPZZ
1,MN9E72
1,CP9I46
1,3215NH
1,X0YHAG
1,I7G5ND
1,ILLEMY
1,ZJTDE1
2,S97GC1
3,LCGZZW
3,R4Z8T0
1,8OBB1Q
3,MC4D8S
1,X30XBK
1,N3MJZI
1,XMH9TN
1,N7MVMD
2,QNCHBY
1,KTZS0T
4,EUO77N
1,3SI7GS
3,TEBO3U
2,LZO9SX
2,3SUV9Z
1,5G547R
1,0KU0B5
1,492B1E
1,ERNFWB
1,KJMKM0
1,AYK0LO
3,6IH629
3,GDRRD4
2,HZMS06
1,Z31UI2
2,DN69VY
1,AB79ZJ
2,UU83I3
2,6AQAXL
1,NJ7R9N
2,S50B9F
1,KL2MX4
2,XQ0SJE
2,2O9Y2D
2,LXZ1KD
1,H3LFNJ
1,1K52GI
1,7FV6IT
1,L4TYKH
3,CJAI7M
2,120647
4,J3BJF4
1,E1IZ6B
1,A6O8KW
1,WBS4WS
1,E1FKA9
1,0K1XU1
1,9C9KWZ
1,T6WBZY
2,LNO7LO
2,8GA3G7
1,0WADR1
8,FPZ83I
4,HKHUDO
4,N209QC
1,2S04CR
7,GGEMNH
2,OSIWVO
4,DX73LZ
1,6IA0IU
1,3DLN7E
2,GUYHJJ
1,4KAMAW
3,YGQNKC
5,0YCVOH
5,71SRMA
7,HWT8AJ
5,AXJ6M4
6,JG91FL
4,GNHUYF
1,OP0KS1
3,RI5VYN
3,IA95V3
1,W0DFL6
2,U2ZNTI
1,4HSDCH
1,TV5I39
1,UGP6UK
1,4DJS0P
1,9DYATV
1,2H0MN1
1,Q8PAR1
1,4DNPPM
2,SUJX41
1,IJZVFA
2,250WRC
2,I59SMY
2,UN91TL
1,T1T27M
1,LIP8PY
1,7ABKD0
3,PW5THY
3,1BI03C
2,BIKBG6
3,2C8XKP
3,5NH25H
3,2IFM5C
1,OXTLIE
3,28OPAG
1,2ECJDG
1,DBLYAV
1,MVHLGJ
1,E4OL1Z
1,CAY9Q9
1,DW0EBA
3,0FXNTS
3,4OENDC
3,NL2MQY
3,UZJH8L
3,L71MQW
1,B2GJCT
2,7WT9WA
1,I5IYE2
1,REHTHT
2,IFEQLK
1,1DB2AO
1,SONQ0F
2,MW8P2H
1,J0H0EU
3,TKZMET
1,EKOKN7
1,4W9S1E
1,0ZD183
1,5CWHGQ
1,7XD239
1,OGCRLZ
1,MSQ6E6
1,5R3GA2
1,L6GNF7
1,DH88O6
1,O016D2
1,AG4YX6
1,XVJI6I
1,H8OPF8
1,JTLU7T
1,940FP5
1,NOV0E2
1,M16Z02
1,AE75D0
1,KF69FO
1,EMY8DX
1,EWASKS
1,F3Y18P
1,LNN3R9
1,3BJFJZ
1,CNHD0U
1,OUAZLY
1,4V2JC2
1,4TOBK7
1,22AJO2
1,BC8S8U
1,5ZXVFR
1,FD75S5
1,P1DV94
1,OG2NLJ
1,2UG7EQ
1,J2JPXR
1,L8KZKL
1,QGVU0L
1,XP8S3W
1,X1BI6E
1,FGIGIN
1,NXNN0L
1,WAOP7J
1,B7NQ2C
1,DKX034
1,4VXJY1
1,PVD5QF
1,YL1SBL
1,SLZ9KN
1,Z234B3
1,4M25S2
1,0XC871
1,P09D6R
1,RQ1JX5
1,JD23FZ
1,97WUE4
1,5E8ZWO
1,E43ZK1
4,JNB0MT
4,J9B38P
3,AJ0MY5
3,ZGM073
3,X77NT2
3,N7QI7W
4,4NZXGA
4,BH58EK
1,DRJDRT
1,1QYRJU
1,8XA957
1,TVY9BU
3,1WG40C
3,PW6GKE
1,ONXIMX
1,AX19JA
4,4R8KU1
4,FZO8WJ
4,LRGJE7
4,T8QIVK
2,CVJC14
2,YWRLJO
3,OHMXKL
3,UQKEGV
1,ZRH6LI
1,LAQOH7
4,ZK3OZ7
4,EOAIEZ
5,0VCI2X
5,ICJ5KJ
3,622QRD
3,Y8DZJ1
4,HMU5L2
4,8LKV0V
1,3EOCSW
1,M7306C
5,NYES2T
5,SNP1AP
5,E8YU37
5,Z8IX34
5,NZCSYX
5,36GXQO
3,P5M9KI
3,1SGOBA
4,3ZOLKW
4,HDYN96
4,XOXMZ1
4,810W9T
2,LRLF0G
2,L2PI4L
5,44TRTK
5,5N6MZ0
2,KPYX19
2,7BRSGR
1,7N1DET
1,236ER6
2,LUK8MZ
2,IE03GH
2,S6O930
2,7N4VDC
1,7YUYVS
1,VJEPTJ
1,96T2DS
1,1H4NXL
1,Z3ZIJH
1,J7H335
1,QR2P9V
1,JI3O1M
1,O001B8
2,681M84
2,CD5Z81
1,N1TQGV
1,P276R6
1,FY7943
1,K3U5MP
2,KDI3ZS
2,TBT3CA
2,7AU1S5
2,L2XPX1
1,Y6I9AJ
1,LE43CD
1,4MIMTT
1,0K1JRS
1,96S3Z2
1,T78WI4
1,HITX9I
1,NBRSZS
1,LJGJLD
2,9DY6Z5
2,DDYUZF
2,NC74BW
2,ZIAEAJ
1,FPN87F
1,RWREXP
1,T4USVD
1,V2171O
1,XR3VRD
1,V0PX5T
1,0W6SDH
1,WGEW3Y
1,KSTQ0Z
1,RAAISK
1,EMJEPK
1,J435HL
1,60HJ2J
2,FV8QFC
2,6A3YB9
1,KSVMRF
1,7V94ST
1,XBAWSC
1,FF3Z38
1,17UVRM
1,GI2OJT
2,AZYZYX
2,XMMRU7
1,TXJDOI
1,H2TPY9
2,C88Z6C
2,5QNTLM
1,DR5755
1,MM4XMG
1,G7FYAR
2,LPORNF
2,EC9WV3
2,TS3FPR
2,5YO491
2,YTZ1YI
2,MCK2S8
1,91G0OZ
1,BTZZEH
2,NZZUNT
2,XP7GO3
1,QHSGE0
1,274PRX
1,YNFZ02
1,0BNNYU
1,XHW5EL
1,Z19MYY
1,86DW8A
1,TKBSOU
2,TLHGIX
2,XMQBMK
2,2X99SQ
2,RJG3SK
2,NQHCUS
2,9LX46M
1,VB3J0V
1,5YUGW3
1,RH26VA
1,RZ0DR0
1,5PYXBY
1,6JASTE
1,25MRGE
1,UJSCUK
1,28GOTD
2,EL3T0T
2,QLKX6P
1,7MT5HF
1,FDJCC9
1,IJH5LX
1,6WADR5
2,G996ZI
2,IHYWS6
2,YNXZS6
6,QB1KXQ
3,BALM18
8,RGBGB3
7,5F53Y3
8,EYY6DI
2,FSGPV1
2,NL21P8
2,QR2HDO
2,DMMIV8
2,H9MY15
3,0KU6YB
3,PF61I8
3,YU6J66
3,RY461U
3,QXCPVN
3,SHZAOU
5,5ZXJ5Q
5,BC3FPH
6,B9PGJE
6,OJ7YEF
5,HP6H64
5,SVVVSW
5,UUBV19
5,SCGZNA
6,RDX5QT
6,ZA3V0Z
3,6K8DVK
3,2A6X5S
3,LH1A2N
3,QGPSMF
3,QMTFNS
3,RN1Q0F
5,UAXX2M
5,VPLZFY
4,QUZW11
4,WRE1EQ
4,UR9G8K
4,E4HPO3
7,ZK0NF6
7,AAWCIX
6,CWUIQZ
6,ASBMAY
6,3TNWQ2
6,8PRJQN
6,7MIBOG
6,ZZW6FB
7,U4NRPM
7,04UZE5
5,ZE5YPT
5,2F53R0
7,UPH8AN
7,ILQ61L
7,VN0S2N
7,PUXI3S
7,P0KI4A
7,LQ1JBD
5,SAQNS5
5,W1PKG5
5,UKI3DS
5,DAO6O1
5,8G8YJF
5,32QOMX
6,RWHWSQ
6,0JDNTH
5,HU1DNH
5,X4X3CZ
5,5PCIG6
5,BAMHDM
5,CGONK3
5,5WTR0Q
5,QAGOL4
5,98GALJ
5,JYBA8S
5,499G8U
5,CB1ZFT
5,Q6I1AG
5,HHXZVF
5,9II5EH
5,6X8INM
5,PZI515
5,MJU7B1
5,0A8QFF
4,G57GHH
4,KMIKMQ
4,OGKFMD
4,6J9ZW4
4,RQIFXK
4,PAM1PI
4,0TMKIB
4,SZEH16
4,SBEEAK
4,HOEKR6
1,3GKMC2
1,L6UYX4
1,JCQNZC
1,QLKI13
4,Y3I3EZ
4,EB0GVW
3,CG7EO2
3,89K34U
3,REOGL2
3,QJ9OZI
2,Y8Y97K
2,IXVSLO
3,DRKXH1
3,XLY5R9
3,GL7BL9
3,LVBLCZ
4,N9XWB9
4,0PCAUM
2,0RYODQ
2,D4SPCD
2,XVYHQW
2,OP77D8
4,AWJM40
4,W84I38
4,TIMXVL
4,Y0N9TY
4,2TDQ9P
4,SN4HRN
3,TLLH2V
3,4R46AI
3,CRG6MT
3,O6JM0T
3,1OR6UZ
3,A1GW5P
2,JP99NH
2,1QBEQ3
2,45PD5U
2,9274FL
6,VC3RTH
6,3DE8RY
2,5C6A3H
2,F8DV3K
6,21MZ7C
6,XU4716
6,2RJ66X
6,H4R1PR
6,ZO64L2
6,OLO5RP
6,NXUDVY
6,8MPX8S
6,C2KI73
6,P07G2B
3,OHK0TN
3,54F25A
3,ESQOV2
3,0H0QZT
7,9AL4CT
7,3H0KDM
5,LWHG52
5,VVY5KS
4,X2JMHY
4,5ARJ6X
6,EG4XUC
6,QGTBOA
6,97EH11
6,VL6N2S
5,5EB1J3
5,6AMLWW
6,9I6NQV
6,713PZN
5,S4VPB0
5,LNXSTR
6,S2K8GW
6,YYNLAY
6,HM7MH3
6,O024XZ
3,38V3ZG
3,9QSD4G
4,BLNHAZ
4,928A2B
4,7PE55O
4,EBG5QP
4,MZZ7DB
4,4HA0I2
4,CLREU9
4,AXV7V2
6,O9VVC2
6,8Q0173
4,QH7RC7
4,BVNFUW
5,309XW9
5,KF5AYI
3,M72HJ0
3,38SQBQ
5,CMOS3S
5,841VEW
4,W32UQ6
4,BA9SDD
5,DBELXK
5,PPWJ58
5,6YR6GS
5,1CETG4
5,MNYQ4R
5,5VEBUV
5,K9X0M4
5,7A2K8X
5,VJU6K9
5,PRWQOK
6,DKCHBD
6,5YDIL2
5,HVZA01
5,E4T999
3,7L48BH
3,2FRXOA
5,85AYC1
5,FKK06Y
3,INQBDL
3,U4J1KV
4,XZTZ2V
4,VSJK8N
4,BQHNYZ
4,8FH8AG
6,J2BN4V
6,LBUB8C
6,Q9J05O
6,XC16VS
4,MC2BVK
4,KTLETQ
4,5EMIWG
4,YG4N0P
4,9FMHNJ
4,5BBUC6
4,W53ESJ
4,Z5CZM6
3,S374I5
3,REUNT5
3,B41185
3,LW0YYW
6,CAI74P
6,7JTKG0
2,RGYIKJ
2,3HHIR7
6,CXK6V7
6,68FDCI
6,WYFSRP
6,977FN9
4,03WKY5
4,SE96JI
4,I8STCK
4,HJU01K
4,XR8L25
4,OF0L71
5,DTOIC9
5,KHPD0J
4,9T50AK
4,CT83OM
4,FCTM2J
4,U3CLNS
5,QQ7LZ3
5,RGC4YT
5,B6ZNUU
5,IEKGHJ
1,AXI9UA
4,NRUQWX
4,PBJQV1
4,83RT6F
4,D8HSDV
5,8ZDAWW
5,BWHU62
5,GMVGB5
5,VGEC81
5,D5RDS0
5,NZXTPI
5,WCI9IA
5,Q2J4NS
1,QYMQ10
1,VQINEN
3,MVOVV1
5,JJ5WUT
5,QG5PWU
5,AKBN72
5,EQ3NEF
7,REC6TX
7,Q358ER
7,8GHLWE
7,543SGN
7,9ONNP5
7,IS7VMR
6,Y5GXKF
6,EDLWVJ
5,59U1AN
5,DCO2P7
6,RE0VCF
6,2NEYER
5,Q8ACPR
5,XKNQT2
6,8H5F0B
6,X465ZP
6,AX06U0
6,OC6YVY
6,TC2P7P
6,RLN31A
5,P9EZCN
5,3VL7C1
5,C2H0VJ
5,AWAKJH
6,EQ1738
6,5005EP
6,AVR3R1
6,JZJEM6
6,J1DJLE
6,9IUFYC
1,LL4ALA
1,G99L4D
1,IIC9CO
1,L4ST6X
6,HBDGTR
6,71OX64
4,Y1RKV0
4,H6C4W4
6,P3JQYI
6,1K2KHK
6,58OSZY
6,QESSS7
1,C4UM1J
1,OADK7K
6,T75BXV
6,7A9YFJ
6,X0TJ3F
6,RT61QG
1,57IQUW
1,ORSZAD
1,ESCK8O
1,7YC7OI
6,HW14FN
6,CL51SQ
6,0XTGRL
6,QI9A0D
7,DO03YF
7,4W22RU
5,4MH3NK
5,BJUU2B
5,XFPB4I
5,MIPFQH
5,G85X5C
5,RK0UYP
5,VTMEVX
5,NFMAQG
3,W5RT4G
3,RG6CPB
6,IGS5LQ
6,DY2E0G
5,GFCE2V
5,1DYSEY
5,SL1M1F
5,ON87EA
5,4E6P7V
5,3JPNO9
5,73T460
5,3LPB5D
3,5N8KJ2
3,O8TB83
3,U2IHRT
3,IXOR28
3,98BZ52
3,S7PWGC
3,U8KHD1
6,S94ED6
2,RNY52G
4,P9ABDD
4,1QW53Y
4,6POBLM
3,YBUEDW
7,GCSL60
3,53HBV0
3,J1124W
3,8HTR9M
2,S9ZFKW
1,MPKAY4
3,6OI6LL
6,OYT2MP
1,OO1A4T
6,E2R5TR
6,S92IBZ
3,3N5HM4
1,ARYKZ6
1,Y2FJ1N
1,0I0J7U
6,72KLJ2
1,R7Z0GE
1,8U2VY7
1,GRENH7
1,RNW9D5
1,H2WM7A
1,M40MRW
1,6FC5HX
1,2F1DPU
1,Q6EYA9
1,731UBV
1,9Z9ICI
1,KPKKIV
1,KSGOQ3
1,LXZ1J8
1,OL2ZCK
1,GTDFLL
2,DF0FV1
2,JN7U8I
2,YQOYPD
2,UUBDN5
5,DT0PJN
5,7YPQH2
2,8OXEAW
2,HUMY3O
2,0LJT60
2,26KF7D
3,EK3FU5
3,SP4RD1
3,5BT1CF
3,KWZCTZ
3,MLOZWJ
3,FC15Q8
3,7JMG8V
3,36TVQW
3,YQ407X
3,DU4YFK
3,1FNS90
3,U7WSRR
5,H9CCYK
5,940FSR
5,YASFJV
5,6VMVVY
5,KUD0Z8
5,P01M9S
5,AQ0MY1
6,WHDSRE
6,MZAJM6
5,FK0NTO
5,DJ1ALK
6,V4JROW
6,KUDFY9
1,0G5T8T
1,6BFSPX
2,CEUD25
1,LEJRYS
1,GO1ENK
2,GW0XBV
1,79Y37A
1,NLMD3U
1,T59OWZ
2,7UJ6MZ
2,Q4DD2E
2,T3MC7N
1,T5LVHH
1,GRMRKW
2,1PDOG2
1,9355CV
2,A0HYMV
2,9WJNRR
2,T9SETC
2,MIVMIW
1,1O22O3
2,IJQHGI
2,U6GZW7
3,FQ4TW6
2,H4H9HO
2,CZ8KXS
2,N9O76H
1,82UHGN
4,1C6EW5
3,VO97TD
4,5IBLXK
1,DYOCW5
2,6Z03AG
4,Y3UTJK
4,7KQSHT
4,I8AI9C
8,NCQB20
8,XLINS5
1,AV9ZPK
1,L0G9X7
1,TXA8WR
1,CLLXS9
1,ZTDYVR
1,D6AZIW
1,DL7565
1,NP2GAT
1,4USLSH
1,WR3FHP
1,JHA40R
1,1SCZTB
1,3IED53
1,A00CCJ
1,EBGO8T
1,OVF9MQ
1,HI2WWJ
1,VDDYQD
1,RRXELW
1,IQBGDK
1,STCNU4
1,0NTDVQ
1,38TKCU
1,55KRAJ
1,KJ0PRX
1,7MHQAS
1,AY7J0V
1,B1GX4M
1,TIQ5BB
1,91YEP7
1,MFGPJU
1,SUJ1DA
1,PG0O30
1,B8H80Y
1,TVHJWX
1,P7I1WZ
1,HVZFCY
1,9K0ESU
1,FZ4YX9
1,M4VVUI
1,LUSRM6
1,9VZMT7
1,UKYV74
1,MFWI5G
1,G3TAWN
1,3B327C
1,SGIZ6E
1,MP1V7U
1,1TBJPS
1,5BI51M
1,BF4HI2
3,SMGNHN
3,MRRYON
1,2XYTCZ
1,JHR5XQ
3,DIGYKQ
3,5P2SJF
3,CGVXXX
3,64IWFV
2,KFSEYC
2,N0PDGU
3,K0PLNA
3,UHO3HX
3,2KOMGW
3,SS3KBW
1,KTHE5G
1,XOZQFI
3,9DRPR9
3,39U0QE
2,ONGNL6
2,LILKF8
2,6H9FOX
2,OOU1W1
2,LXNPAR
2,62CXIR
3,WPA7R6
3,R79T0S
2,PLY9HK
2,OXS1A4
2,TB6ZJH
2,QFQA9B
2,1QPD7I
2,TD5OA8
2,C8P96J
2,L34BL4
2,1UECBB
2,X0R4TA
2,4YK9QN
2,G30QX8
3,FGZGJ9
3,CHOXVI
5,4CINS3
2,8H90P4
2,JD08A8
2,JM9Z7W
2,F3WRC4
2,0V1FZH
2,7OMU7T
2,QNWU6F
2,17B96N
5,XTDA15
5,OEV072
2,4AUO9R
2,CGPIS6
2,VOVZ99
2,VBHV7L
2,NKO37H
2,1AM5RF
1,V6MWPO
1,MJ2I5Y
1,2HNS8B
1,WSKURO
1,1RCIU1
1,43OJ9N
1,LBD26H
1,R04NG8
1,J9WGSK
1,JD2AFV
1,N8NFD0
1,OL6V70
1,N2Q7H8
2,8DN9PW
2,PH8K6X
2,ELW59T
2,HU9XOZ
2,UV47SO
2,L9EE10
3,VQC2LF
3,EBGU72
4,2WJQ13
4,N7VWUH
2,7M7DFR
2,UN299N
2,8Z4785
2,BFNI18
2,OP3SIS
2,0B4Q7W
2,SZJMXQ
2,9U563E
2,X23L00
2,HAUFGE
1,3LSLTX
1,PHB4V7
2,C36A09
2,CTMGKU
3,RG6HNN
3,HWB4JY
3,CAMZSO
3,GDNBDI
1,QL9B4U
1,8VHQ68
1,OR5ZD8
1,TKMOYQ
4,G8TCB8
4,OC2QSY
2,RV1UKK
2,ETHQC0
2,HJJO1U
2,9UOB4V
4,843858
4,OEKQEM
1,LI1F4W
1,8IZGWH
1,20AO0L
1,YLCBE6
3,JDT768
3,7EQKIK
2,8VHWWQ
2,E8VS3I
2,M2CTAS
2,8U2XTL
2,XFN7XL
2,QYY7IG
1,QVC116
1,DQHM62
1,MU4EES
1,HYXWI2
2,YOK7BU
2,FYBAP3
3,4FZZAB
3,6SGDXN
1,CI5B7E
1,TC55P2
2,D0C22K
2,XNWG0Q
2,RUKLD8
2,G4AGMP
3,23GN5M
3,ZEU2V9
3,0ADQ7V
3,LAXAAX
3,CSVJ96
3,7QOR8P
3,MYEJXC
3,ZEM81N
2,GYOCPB
2,3QTFKA
1,7MOD2Z
1,Q6KSB2
2,QUFFXG
2,LTB29P
2,QPHMQF
2,2XQ1XN
1,9ISQ5I
1,G002J0
1,WMNQ58
1,XL1EUI
5,YOJV7Q
5,CZSLDM
1,AA0V38
1,HCUXAO
1,C218P8
1,XVFEUT
4,ENC2AJ
4,YBZX5D
3,AEM48R
3,AVIUI2
2,2LTO09
2,U6H9K9
3,HS4BGG
3,0L7PZ2
3,S87XGC
3,IB9FCD
3,80HRU0
3,HUVKN2
4,D2G305
4,XLE3D8
3,KFE45L
3,U8QRLC
2,AQ98J9
2,2T6Z4N
3,1V7B93
3,71454M
3,DOFZWW
3,P3EXQR
2,K7O24R
2,06E7T3
3,JNM0M5
3,BJZ5AG
3,WFACY6
3,894F1T
4,4EE7JS
4,N66C74
6,Y62ULI
6,YG6DV0
2,88ZW8T
2,AW8R9F
4,XCCCOT
4,WSSLQA
4,SXU0SQ
4,MLZBWV
4,09VU8E
4,J7ENC7
4,VIT9J5
4,U5LG3Z
1,JF5N3I
1,O0GYXY
1,0EA61M
1,UWNOBT
1,Z4D9ZP
1,OXGEOQ
1,XP2VK6
1,EZPX7H
10,B0TYFN
10,ZUFTXW
8,MP54MN
8,F1SQ7N
8,5XI6ZC
8,I5P3DC
8,ETLMYT
8,MXBRDI
1,2C5ZP5
1,61L1I7
8,18YWKO
8,WVTYGS
1,DVLK7E
1,ZI7NCB
8,ELLDOS
8,I0GVC7
8,VANOZ0
8,00GKUP
8,HIX5UL
8,NGMBOI
1,GM1OU0
1,RAGN0A
6,Q6P6TJ
6,X0W3VY
1,REI5WQ
1,QZ9DHD
6,C3DHWM
1,GUKSG3
1,B3R8SO
1,BG5XLA
1,TIYNDA
1,VP6IHH
1,JVQ1BZ
1,4M4WB8
1,ZI1XF3
5,1J8SZR
5,VHIZ8Z
2,4MQSBV
2,RPSBDH
2,2HH7C1
2,SLNW3F
1,HDL9G1
1,JTYJCF
2,R5NNIJ
2,9UXDPX
5,U84I4U
5,DTNESE
5,2DMVMJ
5,HNLIR5
1,AZ0SY2
1,NNITNP
1,ZJJGT1
1,1V9A3O
1,Y16P0E
1,BTPFSI
5,AVLCDA
5,TPWTFQ
5,JE3LHU
5,8TXF9V
5,W0ORMG
5,5VOL4P
3,OUC3WR
3,MNBDB4
4,QFZZP7
4,2Q1D3Y
3,7UYSG5
3,PVK0GX
5,UEN42A
5,J75M1X
4,UUD9JO
4,ASJUA5
4,SSP1NH
4,WFRTZP
2,D8ZJE3
2,PLFEPA
2,8FLD7O
2,2H86FH
1,U35OX6
1,7MO6PH
2,OULIWE
2,71B4XB
2,3MXNQO
2,ILD1IG
2,12K193
1,82GE8J
1,FX2VGI
1,MWJII0
2,Z41LO4
2,31DOLL
3,I9LCIZ
3,0XW4IV
2,G7RLH0
2,LVJX37
1,7ACNC0
3,N3I2NU
3,SE5EHX
2,1G4MBV
2,8RFN0N
1,9ZA2QF
1,47RWDT
3,F15BWV
3,5T50RR
1,2IMFAN
1,CL2GTW
2,8ZBA3H
2,5PBOKH
4,C1MJJZ
4,TBED2U
1,YVSUGQ
1,FNDV22
4,8XOITP
4,IUOHQA
1,KFQSB2
1,M3RPOS
2,NIORYX
2,RLE22Q
1,GVOI3D
1,54S9W5
3,LXJVCY
3,3M1G9J
4,PBE6F9
4,J3OV7M
1,L5Z0A8
1,GOF5OR
4,ZYV42D
4,SKP1OL
4,CEYXSQ
1,PCHI5U
1,MUMUBC
4,A253OO
4,293BRX
1,01HVRE
1,1N2EHI
1,LP8VUB
1,MJ2H68
1,9G04H1
1,VFI0SO
1,3P5WDQ
1,03BG9Y
2,YRAP0O
2,TUYLQR
6,YXT5ZM
6,UOWRN8
2,BAE3B7
2,YBKN11
2,IE5YDA
2,EZOQX6
2,T1D8ZX
2,ODDHZH
4,4W8BJN
4,0UDGS1
3,WKWNRI
3,NQVQ8F
3,5UF2DO
3,1K7DIM
5,N926MP
5,RS7RLO
5,04NO1M
5,V0IVKA
7,PG8ODI
7,HFCAQL
5,ML4D57
5,PK6ODQ
5,QNT6YW
5,AFJT5N
1,5EEHJF
1,Y5S5TW
3,4MJHDW
3,L65YH1
1,9LP83U
1,WCPJL7
5,O5NQYO
5,HU3NTZ
4,AI2HNJ
4,6AD6JT
1,4INZK8
1,PDN83Z
1,MCGTHH
1,PH1QG3
1,7K0GEN
1,K496OA
4,8SF3OU
4,6C757V
3,72MW9E
3,XAMQQX
1,S3CMHV
1,FTIA5K
1,HY98BF
4,5XVZ1C
4,6WIZQ8
4,RLNGCY
4,2S7QPN
7,H10V5B
7,OJ0KZR
7,PPBPKC
7,38QW0I
4,KORS72
4,1UTVBL
4,EGQU6Y
4,DMNII7
4,YT7NSL
4,9O6OJ6
1,54JM4J
1,AE9MQ9
1,YFHAYI
1,QQ4SS8
1,YVGZ0T
1,XCRYIX
1,WFDM45
1,QILKRE
1,YZKR35
4,YVDSV3
4,KHVHC0
1,XNQ3BE
1,7EK0Y1
1,G68ESN
1,F7JI2K
6,TD1YQJ
6,N1ZBFK
6,53E73H
6,F7ZL2J
6,8S8SM5
6,78KCHY
1,UINHOW
1,4XRSMA
1,VMZIN2
5,7HPAFE
5,QDOTLS
1,MY9NYF
1,6M193X
1,WTAA8J
1,7SVBW4
3,83XO23
3,W21KCP
3,7U7OA1
3,7BM752
3,OHG9RR
3,TJPXPL
2,PWVKI7
2,V9JDCH
4,7M4GU7
4,UL13SM
4,8SKWZ2
4,S6EASK
4,HUT22N
4,1FOHA4
2,R49ZTL
2,Y6562D
4,A98KG3
4,W1NA06
4,WI82QJ
4,99U6S5
5,V77KTV
5,KKJZ5G
4,MRBPXX
4,KA63B4
6,B41Z02
6,LP6HEC
6,A5VQHD
6,KMI8G9
4,5UFO30
4,3INLHC
4,MYTHXN
6,7O8IYI
6,29CBR4
3,UBFPM4
3,H4A67F
1,V0WQTL
1,PXUN4S
3,SINM7M
3,NCXMBH
1,KCY0GF
1,PDPT8A
2,2DVDQG
2,YG0P6O
2,NYK0UM
2,8WMZYA
4,VX6HN4
4,S79BUC
1,YUDA78
1,XP2SW2
1,OM3I10
1,K4CMJ7
10,O9UI8D
10,9LWDY3
10,OHSQOH
10,FL8EPA
10,YWRFV5
10,YU413M
10,J8I03C
10,CPRCAL
10,YVFFAF
10,PUIUSZ
10,HU42DI
10,04CJLC
10,NR0F5V
10,80C09I
2,G9Z9QX
2,KI38JB
3,7F03SE
3,EFT0PK
2,3O6VD2
2,77VD6N
3,W1AM21
3,H4QI7I
3,L8ZLFW
3,TJ30A2
10,CEXBNM
10,DZOJVP
3,S1LZC3
3,V1VUVL
3,LG8P3K
3,T9VW0W
3,TCTDD2
3,PPUSV1
3,QOLFDE
3,EZ70XM
10,GFQPAC
10,3GQP4L
2,V24ZCO
2,ANKK5S
2,L60HUQ
2,AHGSRP
10,RVZ3C1
10,KXB5A2
1,CE5RFD
1,EGZS4Q
4,ITB84O
4,VTYZ5V
9,RR04FV
9,UKAYM2
3,POWLPS
3,CXPTJ9
4,AI5PZC
4,R8AQNF
5,4BH9V6
5,PIHOVR
1,PJKWRW
1,JH7LCS
5,XUW1ET
5,SFSAF9
4,9JFYBY
4,6HSOJS
5,6QE1VK
5,RHS7RE
1,J204RM
1,EUOF3Z
5,8F5TKD
5,2R6O9S
1,PL7BYD
1,XB264A
6,4PVR2N
6,JGUXJD
6,NODSQN
6,T5I3ME
1,M5Q0CW
1,M00C7X
6,K8I2P6
6,2VKHPE
3,Q5XXNY
3,W2Y6O2
5,MTJ3SX
5,291H6I
6,CSF5HY
6,VPX27A
3,ZG59SK
3,6CLGPJ
6,GRMKWZ
6,15RSKN
3,E61B5U
3,PZVSQ1
3,ZPFI6S
3,IG4KDK
5,PTAF77
5,0E19PH
6,T3DLYE
6,NRGL7G
9,ZXIQXU
9,KVBU6N
7,T4IFS3
7,30OJJR
8,MF9YUL
8,6U34FQ
8,DIKWW4
8,0IZ64M
6,9ILE19
6,A8H1U6
6,SVMWJ2
6,PI7IBX
3,AFPECL
3,FAHF5R
8,U0H4DA
8,TOXEMT
6,UJQ6U8
6,8S171W
6,ZNB0RX
6,EHDMVY
6,C8IV4Y
6,BI8PGV
9,VUYZ45
9,YC1FRT
8,EXUZ83
8,0XMQIP
6,ZVCMN7
6,PQ7ZXA
4,AEV5DN
4,T136DI
4,9W27I6
4,RBOBX9
6,7EG0ZP
6,YBDDLZ
4,FWEW53
4,A4IIO5
3,97V44K
3,7JHA0G
3,QC9M3L
3,AO0GNQ
6,62RDEQ
6,RJ26EY
4,HGODTO
4,Z53T51
8,9X5D8E
8,1W7VC8
5,9F9706
5,DAM2UF
4,IB4I5Y
4,P4J3NN
9,9Q2YS2
9,0ZVGU5
4,C7OIEV
4,6BADNE
6,HMF6L2
6,22LOI1
4,1S310P
4,O1FW40
9,NGZ54Y
9,V0Z5D7
4,LIAJY5
4,MQ08TQ
9,TIRQD8
9,4ILDD7
6,REXSL6
6,VFL32G
10,PQQSVF
10,XWOTMW
2,1JOVZ9
2,47KQW4
10,00J0KG
10,OLWAN3
11,V5GDXB
11,Z5L3FP
11,1JKZXM
11,G0L3MB
10,ZBXC4U
10,CXHVIC
2,Z853HG
2,CWL9C9
7,UAU6Q1
7,W9HIYC
11,6IFJD8
11,6PNJ8H
10,WVBCGA
10,R5R265
4,0HIH6I
4,CZ8RJE
6,P57J5S
6,53RG8X
4,6IUMFJ
4,78IBCT
9,9DFGG1
9,58Y95Z
7,ZU90NV
7,1UQIIE
10,2X9FN7
10,X6NLHI
6,PNG6XM
6,EQG4G3
6,SKP3WE
6,1QNG3H
4,LI8GKE
4,K0BNKS
4,Y7BXHF
4,9NW858
10,PN62Z1
10,CX75WD
3,NCWIMU
3,5UI9QU
9,HBDZ4S
9,ZIN7MP
6,WV0SKJ
6,58B9I3
4,9L0CK9
4,QSM82V
4,J5FCOO
4,LEM7D6
4,KWY1P4
4,6UNUPM
5,GSRX7R
5,1JOQXY
1,H2G49E
1,J4ZHQ9
1,X5KHWQ
1,6J5IST
1,YAMUE0
1,8HZZ5T
1,ZP36GZ
1,T1IBNL
1,IUE2X8
1,3KW708
5,8ZINHG
5,R6LNQI
3,M3D2NR
3,GCK9IP
5,RIA4JZ
5,35F6RA
2,6KQGR3
2,YOKUWX
2,FESWHS
2,V01HW5
2,HNVNJ4
2,URXCRR
2,08FX1L
2,C6X4V0
2,KO201Y
2,UYFTXL
2,F18X72
2,ECNV4Q
1,XLMJVE
1,7WYKCC
1,BF71MQ
1,8N2872
1,3EUS5P
1,UILOEP
1,2FFJFS
1,FD1SIK
2,N2ZLG6
2,1QBX0I
2,09KT2W
2,N0TOEY
1,ZHPA85
1,AU4BRJ
1,2WT1D7
1,DURHFY
2,831DF0
2,S79MVP
6,3MIP83
6,KCWRS3
6,0L42R1
6,2HXUL8
5,V7VXXD
5,5E1K7P
9,ICAKYF
9,C2FOIF
6,IKQL82
6,X4EMGU
1,AHF4QA
1,2J5KT3
6,LNN88I
6,UAQBHY
3,DR3JBP
3,PQTM6K
4,Y6GZBP
4,AA3MZ0
4,5YTOTE
4,TQFF7P
1,GZ09YD
1,1MA8R8
1,WU5O70
1,V1ZU8H
6,YM6IJU
6,G17Y2Y
4,RTVP5X
4,R676PR
4,DWKITZ
4,3PS7R3
3,Q85OGN
3,XTLWG9
4,VEO7XY
4,6501P4
4,V3L0T1
4,89P16O
4,E9O54A
3,IFDJZJ
3,JSHUKF
5,AB4XTL
5,7F4BTU
4,1XE249
4,AC2YBK
4,I8EZFD
4,C2AL25
3,ZP4DVB
3,X3F43E
3,XFKH2O
3,S4BD3V
1,RI3JJW
1,XG3WQ8
1,UGVOL2
1,1QDWKE
1,5P8TJ2
1,ASPQNU
1,VK4QBW
1,HI5KQS
1,HUSHN2
1,58J4R9
1,J8DQCF
1,HRYRJZ
1,YN453J
1,XNLDK7
1,7PJVIQ
1,7FVGYZ
1,BPPP25
1,4OD6NB
1,2LB4HV
1,1QFFJ9
1,VJTPMM
1,YOLGNQ
1,JG7KV7
1,8AA7MH
1,K22LGZ
1,0I1YBZ
1,6CCOS4
1,4AA4W8
1,KJ8NE7
1,YGSMA2
1,X5LW9N
1,TRZSSD
1,MCSPAT
1,8S9SQJ
1,X992AS
1,C63A22
1,VX8OM6
1,5VN99O
1,3911TL
1,T9NQ67
1,8LP3GW
1,4RQC81
1,UJ2ITJ
1,6MC496
1,XSCARL
1,W3UPCE
1,49OU6V
1,E4HREZ
1,N0PRBJ
1,L1VCZ5
1,1JG4SJ
1,RBOILL
1,KK1VJ3
1,TIZYCW
1,3FMF2Z
1,Y4ABNL
1,ADZH5J
1,0GYDUH
1,PUPHO3
1,69SEOS
1,EHZHY6
1,PCHIJR
1,YYA7S7
1,9RHSZK
1,6GNXBF
1,0W6IAL
1,4AC8KX
1,164LNA
1,TBANU7
1,JUTTBU
1,V8EAGU
1,BYEU87
1,O8L6P6
1,9Q7ML5
1,1QMQOW
1,DOG8QE
1,M8NR7Z
1,67ZUCA
1,SOGHO6
1,2NRQED
1,UB035W
1,IBTZLD
1,RTQLRO
1,ISF4GI
1,DZ6NIJ
1,7XG3AK
1,8MXN2D
1,7QVKRX
1,R3BHPV
1,APPCFG
1,9E7T8P
1,74H2GI
1,FOA63P
1,L9L9NK
1,QTVP7M
1,ACG5JZ
1,193UM5
1,XZSJ4M
1,J217NP
1,ROHSBK
1,C4SQ5E
1,1KZP0J
1,QY5PU5
1,R5T8XK
1,YESEJK
1,2DD5ZX
1,1ZQJRJ
1,DKG1YY
1,N6YZ7J
1,CVUROJ
1,ZF99S7
1,1Q5AH2
1,7XJ6B0
1,G1N8ZO
1,L1TDB4
1,1DB8L3
1,EC6FM3
1,ZWA1O6
1,9MQV6Y
1,UE5KW5
1,4T5JYF
1,N1I407
1,FOV7A6
1,6PD0CX
1,CDBHFB
1,O1NBPO
1,BDPCEJ
1,XBAA68
1,T54E4X
1,MMKD08
1,8AMZOO
1,2AFTJ3
1,BJLROY
1,7SWJC0
1,994485
1,5YDEL2
1,SH8VXV
2,RAS56P
2,9K8W3W
2,YM7F17
2,225FUT
1,A92M8X
1,41ADLJ
1,4DT9DI
1,POSCZN
1,4ADUVD
1,584GZ8
1,2RBMVJ
1,TSFSEA
1,PM878S
1,KIGL64
1,WGQ4UI
1,EPS728
1,OS4XIQ
1,YCVGXN
1,XEICIT
1,P8VK8B
1,ZCYJ4E
1,TVOW2D
1,R5IMK3
1,74L2QX
1,Z7YB8Q
1,PBV2VK
1,JLFLE0
1,ZFA8YS
1,AEH37G
1,516IQB
1,O8SBRM
1,O4W3SO
1,3RF1WY
1,8W0OUL
1,BIL6V1
1,099UFM
1,2SEJEU
1,RN5TKT
1,0QH4PJ
1,D10ZE7
1,4IYZZF
1,UCGZZ8
1,78LK7N
1,9YF9TU
1,MYWAK9
1,FW94GV
1,FZQJ7P
1,K0LJ4L
1,7TL3CE
1,U64TQ3
1,SB5CB0
2,YOCX3D
2,DK4PXP
2,YM46XY
2,0TAUAN
2,TWYHHW
2,ICA03O
2,DHWNLT
2,JVK02X
2,HNK2X3
2,DHBX2L
2,AX43ZY
2,6HVG6C
2,O7LA6R
2,QDEZP8
2,67A7EN
2,TMBLP5
1,2MITK1
1,9E58DC
1,1JNGJI
1,H9KW8R
2,7FRFLH
2,HO6HK7
1,GNJK1R
1,XZUTS8
1,6XL1C6
1,66O11G
1,8TFZ10
1,ZMDXJL
1,DDWIEA
1,S6GQZQ
1,EZYNLA
1,5U8IIQ
2,7ZZXWU
2,S56I48
1,4H0XZ9
1,0X28CD
1,WC7I7N
1,MND58L
2,M0XL8D
2,2AL1YG
1,1ODH3Y
1,GVXEB9
5,7LPY5M
5,Z1GU8R
5,ACPKSY
5,9U939R
4,D59VQY
4,FAQS50
6,BDM5Y5
6,L5JUPO
4,JQRN70
4,BIX3ZM
4,UYGCQP
4,C97RFN
5,K5CODO
5,HYVXPN
5,CTVV16
5,UVRCKQ
4,TG0QEI
4,P9WOMO
7,Y9LYPW
7,DLXSUN
5,9WRFMJ
5,8VSU5N
4,5ELABA
4,COOOOF
4,GC3W7K
4,XFUN39
7,FG6CP5
7,KMDKRX
5,FBQI86
5,2H3U9Z
5,FK461M
4,IRY22C
4,TP767X
4,GSGI0G
4,FT1SNT
4,G9OD6U
4,CJDLYD
4,2K2SNX
4,ECJH8R
5,CN678S
5,0E8RJF
2,HP29UM
2,11U0U9
4,0VQV7D
4,WU55BU
6,R0YMJ8
6,4KIM6B
4,MTNJ66
4,I56ORA
7,PLE5K1
7,Q8UI8X
6,B622L1
6,OG9SJR
7,RR3FVC
7,9CGRD2
8,XLJUGI
8,URI30J
7,5CIIO3
7,OJYTBD
7,XD7F25
7,281HM0
7,YJZVUL
7,RG8J45
7,0JXC4U
7,21SYEV
4,DY3BZ0
4,LQ2M52
2,XKHVEB
2,SEK3JN
2,VGVU4S
2,JXDLI2
4,VHBF77
4,FDJQ82
4,2W4CA9
4,MZCTN8
5,YNZO9E
5,7J2I1K
5,LKCCJB
5,515SIL
2,DAFXB6
2,0TW9S8
2,RJC1ZD
2,YNP1ST
7,26SVVM
7,15BL00
3,KMNKFD
3,AT8WPO
3,EHLOYL
3,K8VDZI
3,0IXOSU
3,EUZ8X1
3,2B8HNR
3,HVCRN0
4,DY87BH
4,WW3G73
6,QZZSRS
6,9QT9F3
7,G1XSKA
7,7SWV1O
4,13Z4KX
4,INWDEF
6,SCZRHX
6,OXQ73W
3,R3ZWDB
3,3YASDZ
4,05B6R9
4,F5IY5R
3,IIX026
3,SR9R7R
6,P6Q5YV
6,08QJDN
6,4JKTKK
6,PYNJCE
6,XNX2O6
6,ICLPGG
4,PGWZVT
4,NSSLUS
5,TJJ0EL
5,TM4YWX
4,SLUYA3
4,X9ANFD
4,5ZUD63
4,1N8VDG
6,T2FU15
6,NPPSVD
6,HS0WE8
6,ZCCV0Z
7,G6NOSW
7,5UB9DS
6,R3VJIK
6,8RVL3U
5,BEM83U
5,83FBTV
5,8R4N06
5,OTV65A
5,FEPZS2
5,KL5264
5,45MAHZ
5,FVLFYA
8,7WLZJR
8,92902S
6,XFKEEO
6,AZUOQZ
5,X6V2W5
5,9Q9ZBQ
5,4DWDUI
5,I3X5JH
7,2B69OW
7,JKUML8
7,16JUAC
7,GBSYNE
7,HHDC8Z
7,TS2PEA
7,28WMQL
7,PDDINR
1,1ROJ4I
1,VAFCLI
1,CIPEAK
1,BG6PIL
4,U4BJWO
4,02C3Q5
3,H3VD2D
3,1RCQSI
3,7P1H8X
3,186T1Y
5,6YPWZ7
5,LLNDT3
7,QR3T37
7,PKLEE3
5,8CNO2E
5,Y60BO6
4,02P3VZ
4,TXZ3JF
2,RXPLFQ
2,W8X9OS
7,9DYH9I
7,BR8G9O
5,JYKGRA
5,6DLLVV
7,ICOG5C
7,LARH86
3,06WLPF
3,DW3VE8
3,1ASIIZ
3,A6IXW1
7,6F9MJK
7,7Z3YCE
7,NJS9Q2
7,5RBG4E
6,IL28GF
6,3AVIMV
5,LW9AUD
5,720NT5
6,871023
6,6A1VY7
6,GXSCU9
6,HMWQ9W
4,SJ53G8
4,Q3XDAA
7,7YZL9O
7,3POLS7
7,QFFRVS
7,A4RTD8
7,T89ZPD
7,H1EYL3
5,Q2VAI8
5,2QYVOF
3,8RE89K
3,316KJU
7,MEU41I
7,LID9U1
7,5FOKEB
7,67O2E1
7,AYHK5H
7,0L77HR
3,6D9413
3,CI641G
7,PRONDC
7,069WCO
4,GBA1CX
4,PZLDQK
7,JFYTC5
7,QZY40A
5,76I4O5
5,TRW209
3,FV9R7M
3,RGNWVP
6,ETT6KT
6,RQN5LP
7,8PIZVA
7,4UEZM4
7,9NUZNW
7,G5NVH6
7,2RCEHM
7,I27V06
8,37QSPV
8,33VQQK
9,0GENXN
9,JLEA5A
9,Q3C5U3
9,RG2TRO
7,IFSSDY
7,O7DBKO
9,3QESJM
9,M13RXX
9,9JHTKA
9,XQIXPD
7,M9T9Q7
7,EPFKFF
6,9ZIR8Z
6,U6P923
6,9PX7PW
6,H6NAYJ
7,C0JZEL
7,TMNP8B
6,5VUU7C
6,4FIZ0A
6,WG2B3E
6,TRQR89
6,BKGNW9
6,SRYG17
3,1T2VZA
3,WCNHYM
9,K19Y0L
9,PFQBEA
9,60WN3N
3,4SLQ38
3,94UU80
6,16YU84
6,IUQOQB
9,GG606Q
9,EDNAFA
9,NKYK24
9,UZ4E8R
8,GGBTBN
8,RARJQ4
3,JPK57D
3,8CDCWP
7,KHWJK8
7,H8DET2
8,TMWKX2
8,IYDYJT
8,0GHFD2
8,OPZNDY
3,OLGPX6
3,9ZQ5WM
3,RPKZ5M
3,OBNVAA
6,KH0JQI
6,G1X0IZ
4,45OGXF
4,69L6WJ
8,MZWNYG
8,GI3A94
3,ZFE8KT
3,B6YQGG
4,312N97
4,NP9YF3
3,RH4BS8
3,1X3NT6
3,UQ0DY9
3,1L6BXR
3,0I2R7J
3,FS25JU
3,2MRWLK
3,Y7A9N9
3,4MKX09
3,RRZFTC
7,FPWJGS
7,2MP2YP
7,VUT2JO
7,92RH6J
5,JV5CBI
5,S01W1T
5,Y6AWD8
5,B3ID8R
3,UTM4ZA
3,FIIBX1
3,XD5SE2
3,96FDZH
3,QOFL1N
3,NCKUOO
1,BS9QTP
1,TS1U50
1,8UOJ04
1,PHTINH
1,WVYR5U
1,7NY2H3
1,KYZYUK
1,667E81
1,RO5DE3
1,2QMYYZ
1,8Y6CQ2
1,PUI6ZZ
1,F64EEW
1,D7EIRR
1,0HYQ1U
1,CNS2S0
1,8SWBV5
1,EC4D91
1,LT0NKK
1,TVNREO
1,PKO0M6
1,W69BZG
1,ET5US3
1,HRX8S0
1,I5PFQ0
1,D99D8A
1,677OP5
1,PRJMQ5
1,0WA5SF
1,Y03C5C
1,COKGZR
1,K2LWP1
1,XQDZZ0
1,2IM8RH
1,3ORFVM
1,KNSIB5
1,BW4SLC
1,XVP1U1
1,QSE1ZU
1,6ZBTMO
1,VPRV23
1,TRV1QQ
1,K68NRX
1,P7T6ZU
1,8M6NOS
1,DIX83G
1,0G4X4H
1,3M6R98
1,SRYH1T
1,6AHG8R
1,X4R63O
1,4HDF9P
1,04F43G
1,SCVOXH
1,LREE4W
1,UG2VCV
1,0HCCAP
1,G6TEKQ
1,4296AR
1,OEB3H2
1,3A23PZ
1,WDCLJG
1,JZMFQ9
1,872K1S
1,HVU0D0
1,QSGL46
1,PLYPLP
1,ZCAZV0
1,V8ZXZ5
1,D4D6F1
1,R8Z3BP
1,B7S9GK
1,TB0I27
1,7HJ60F
1,ZJ14UB
1,2TZRME
1,VC4RLN
1,OZ9PBC
1,XG0HN5
1,X1VIZA
1,FJPHM4
1,KNHRGV
1,4UVWGE
1,JAS1OQ
1,NDIX8F
1,AY13MD
1,U9C0KN
1,LMG5KW
1,7W2C1V
1,VKD6XM
1,GQWEMQ
1,7695QO
1,M0VAVX
1,RIXPAL
1,LZYJ0U
1,Q9VM26
1,QYYFTN
1,U1YTQE
1,HP4PBV
1,BNWWW0
1,MZ6PRE
1,HUWY8K
2,R61AVS
2,EYT2V8
1,KPK0WP
1,EY0YDX
2,G7AI9H
2,I8UE68
2,UP0SDS
2,H4LNS1
2,JOPU5B
2,5M2D5P
1,06093R
1,JV076A
4,MZKKLT
4,V83258
2,H82PZD
2,XR44EL
6,TDGXYI
6,I8AIQG
6,DIDL72
6,TBTRHH
4,MS73OK
4,JCZSLN
4,D0P016
4,EOK6F6
1,JH2ZOZ
1,I2BNI6
4,ZEOCUP
4,IAKUDW
5,1O38V3
5,3WKQFR
4,011Q3X
4,0KGQ7C
6,11AZDQ
6,6A79EU
4,U2FL43
4,RAAB1R
5,103IKL
5,7661PX
4,D2ILY1
4,XJ6CYA
5,CW47PB
5,46VS28
5,5NGMXY
5,OZMHLC
1,CTE5ZI
1,W0M9V7
5,ICH1DY
5,0A3QAD
4,TLLM02
4,RD5G3M
6,EGAV6Q
6,QOKOD4
2,ZDSHHT
2,CKJ14Z
4,JK1JL6
4,00J4B2
4,MDP0UP
4,VB6940
4,YTUZUT
4,JTIY8L
4,QBFZOF
4,QMOFAG
1,29YUQE
1,KL4XOA
1,G67EIS
1,9C5V5O
1,DEK834
1,8ZDE7C
1,PT2Q29
2,93NXSW
2,0CLUEH
6,Z7DKZP
6,ETR9BV
6,4O2B3W
2,TH24ED
2,0KHNF8
6,4PMH37
6,XTAVIP
2,UDEN1I
2,B94IDB
6,JACUPS
6,C40NMW
6,8AHP78
6,SACYXV
6,3DSI88
6,8CTBT4
6,V9KYUP
6,B3H21R
6,UL08LD
6,U4KZML
4,TMIFGY
4,NSRRGG
6,V3SHO9
6,DPN3EA
5,88SAOO
5,71ZHTI
5,WU3N0V
5,36BNDH
3,0N9WWK
3,C8YVHA
4,G1D3XU
4,2GTQOO
5,1J07CL
5,ED93UH
4,RYMYL5
4,WEBM39
8,J6W3QL
8,RUKZPE
3,R3N4S2
3,76LWG4
2,7IC7C0
2,WV65Z5
4,91OHVE
4,ZVJQCE
4,ZXCTYI
4,XQ2TGL
3,CTGKI7
3,DAVH4Q
4,WZFQOI
4,VK6EL5
5,FHU4OP
5,TRYL82
4,NKXBI4
4,M9JKTX
8,2R1872
8,6JD1PY
4,ZEOAMI
4,3DU0UI
4,FYX02X
4,0RV1ZZ
4,T7OHIT
4,YKT76Q
4,L6HHJ4
4,SHQKRX
2,9THMU4
2,L8RX7S
3,YO72CB
3,VPBQQS
2,EL3XET
2,E34R8X
2,84FLS9
2,WCMV30
2,7HGKJ8
1,US62IF
1,T5U17A
2,V1MOTU
2,TXSQX6
4,2D1X43
4,U63IUQ
6,HGY4ZM
6,KKAP3N
4,UM5XRG
4,161JE1
4,J1FRRT
4,MI137G
2,G3NKQZ
2,N8INE7
2,FVR7IW
2,GUUYTR
2,M2L8SI
2,RQGWG3
2,RHAG4U
1,FDRNN6
1,FSWRKP
2,IE7V7Z
2,XI91GP
4,J4KOJF
4,Q9HZMS
2,68YYU5
2,V331YH
4,EJVYEP
4,MAFAAG
2,US8RBA
2,5PJ6ZU
2,QZOWVY
2,6Z05QS
4,KY4JKZ
4,ZDO9JB
3,QAV1V9
3,SBBE6D
1,688IVN
1,TUY9EQ
1,J71VIW
5,3IJYIC
5,O2OT28
5,MFTARX
5,P94EDT
1,SU80CU
1,Z8XEG8
5,4P1EWT
5,VL8IFT
5,VAEZ5F
5,U4L6TW
5,SLSWVU
5,QID3BB
1,ZKT7QA
1,7EXQVL
5,BUKR9U
5,RY4D3O
5,735VZU
5,MO5CG6
5,3ODF3J
5,IPOWDS
5,Z2CQMZ
5,SPH38P
5,YT0FM3
5,YQLWWC
1,SZ0YQG
1,EW18UL
1,1OV0VA
1,I0RISZ
5,BA0LBS
5,712XGJ
3,J9CFKA
3,T88BW6
5,KE6DVC
5,1YEETI
1,KP1MKB
1,IGIF6L
3,8Q0RGP
3,NT2X1T
1,YVNDPL
1,I4KHM7
2,COIV45
2,MBYLOM
4,E7X0YZ
4,WX9SKS
2,57OF6A
2,K8N3RG
8,YY7JCX
8,RQKLGO
3,JYMQSF
3,L2KXRK
5,CE97SZ
5,GUJBER
5,JM6F8C
5,HMXYTF
3,GYOIS6
3,ETRLZG
4,EU94LT
4,YDXFNZ
4,GS6NFT
5,2M6PP7
5,GFAQSP
5,8SK1U9
5,VLT6S9
5,S1HV10
5,RK0YTW
5,9XUE2B
5,QR5YBB
5,18MA9N
5,VZ1361
5,0TMC1A
5,GYSJ6J
5,QM7KZP
5,BA219Q
5,XSUA7A
5,9ZNI82
5,W6SS7V
5,6LAXRE
5,4RBHVM
5,5U82ZQ
5,2WC9Y4
5,V8E770
9,SD7VWN
9,XPXHAO
9,MFJHL6
4,CESXJ4
4,BUXLKY
5,JUVB8U
5,QKH9CD
7,HSVAMT
7,VR2KXA
5,8W2Y5D
5,GYZA9C
9,GG9574
9,TSNAFQ
5,JHRYYY
5,FLUXPR
4,UT4Q6R
4,YHU1WV
7,5DZXWJ
7,RKMA4N
9,O6ULD7
9,IFZFEK
9,M6SHVJ
9,8C2QYH
5,ZVY00G
5,LYGVT9
4,QPS0J4
4,ZXKSWR
7,P0PA10
7,ZC89YG
7,RZ93VU
7,ZLF0BC
9,H5D5FP
9,A6924W
4,70A91W
4,K3IP1Y
4,ZNUG5K
4,0UX7M8
9,0EEDMG
9,XNARWO
4,NZCP2L
4,7JPI4Q
10,ATCZHB
10,PI9C7P
2,5GFIAB
2,7INYUV
2,WIFYLE
2,36X9GF
5,W4LESQ
5,UR5J9F
8,CO7F07
8,KS9H85
8,HFCSJS
8,C1SUW6
1,UU8J29
1,SOUBDA
1,KJ4F8K
1,7KE3LO
1,28B7CA
1,V66MDX
3,M7YMLF
3,E07VYV
2,1X1GL7
2,S9M4N1
3,S5DOLM
3,Z9BMJZ
2,MKWLTA
2,GBWT47
2,Z9F8V8
2,KQB58O
1,4BYE0T
1,RINPT6
1,WA6FIK
1,IVCT8S
1,7NQNZZ
1,SA6KVE
1,B107CB
1,9J3W4R
1,CKODW5
2,GZ05B7
2,W9EX16
2,7ER9I8
2,KLEQYL
2,RXNO6S
2,EIOX04
5,K1OPA8
5,QNIYC2
5,8WHJMX
5,R5YF9Q
1,JRBV0M
1,RVCHWW
3,0FZPLT
3,D14GU1
3,GGAAWS
3,4YNR4H
2,NBPEBW
2,MPN50J
2,AO0ZS3
2,3W8ESG
2,V0EWZK
2,UQR9CB
1,ONYZTH
1,ZEI6SC
1,D93VUX
1,ELU9OR
1,YWNKP8
1,BXMO21
1,WE99B0
1,UODP9S
1,3NY9DZ
1,QBXHDH
1,QSFOS0
1,GXNOS8
1,PE0BEG
1,K1VGWL
1,6ZO9KM
1,BIFTWY
1,XKEHRS
1,B0TF6Y
1,09V6GA
1,AC1K9L
1,OPGCGD
1,DG7YY5
1,HCXKPA
1,NWQP55
1,5I65Q8
1,BWJC2U
1,9DXL7L
1,8LFNMF
1,5IMZ59
1,S9FCUB
1,9QLIB1
1,J76D5V
1,BPNLN0
1,HZD3RK
1,FBTT6P
1,OLKJZE
1,ZGMTR5
1,JRVGQP
1,A9XBQ4
3,UD8N2N
1,7CVN2V
1,Q79KE4
1,4W4CV7
1,1XCNQN
1,7GLTZ4
1,4IORIH
3,0NBSTT
3,EG059D
4,M6WCXB
4,ZRM1MK
3,RG38RN
3,NMIJBU
2,PD2RWG
2,SPXFWR
3,BP4ZC5
3,J94A9J
2,ADR2LY
2,7YV9U2
3,GCJJTE
3,NLS9UA
2,1PY3UZ
2,LQTFA7
3,SI4GFW
3,6JJCL9
2,848AAX
2,3MMWQU
3,3QK8CW
3,0L8WD7
3,W9S0T3
3,XTCRRV
3,4XK3ZT
3,73J095
3,MPH7UF
3,5TJDZQ
5,TXW4F0
5,8Y3TQ7
4,A42XAY
2,HWWCAS
2,7RA57A
2,RHBIHR
2,2DDJAZ
2,OWAYNV
2,YCT6YH
4,PPGPVT
4,08CL67
4,OY4YPD
4,EL8N4C
4,D8LW2D
4,8IH0ZK
2,NV5NO2
2,FJWVMO
4,HRJU1C
4,UZWMN5
5,ZAAZ0H
5,V6YMX9
2,AHIS8B
2,6O2PE2
4,CKZPER
4,PXWUJ7
4,XGFOWG
2,B8G0AT
2,JX64TW
4,SZO6Q1
4,I5SLBC
4,W30TTG
4,X22PGW
4,MKSYT9
4,CRTAGX
4,P1PXW3
4,6Q5ISD
5,VXYT4B
5,21SLDE
4,688824
4,86H2EF
1,1D0KVF
1,L6URV8
1,AIS721
1,WTM9L0
4,HE20V6
4,EAJCE8
1,WHYYPD
1,5ZXD5G
6,TWKZMM
6,H5IMH0
6,MPD5K0
6,OV7EZN
1,90X2A0
1,AV5OCQ
4,DCPT8B
4,9XZGG6
4,MN6TBZ
4,E2DCV5
6,38HFI8
6,5LDPUJ
6,97GMYO
6,NXGIOG
6,F4E44S
2,390XGZ
2,4ITP36
1,SOSMTL
1,9V8E3T
2,82ZVKV
2,B561CP
1,OHLIS2
1,KV0VX8
2,37NLND
2,WWF7AK
2,M4BIX9
2,MW41X4
2,QCOZAG
3,NWYEF5
3,YP4C0M
3,N4EEZM
3,8KEIHQ
7,X0ZFP3
7,CB1AO6
7,ADZN1P
7,RKFV7F
8,CFQJJ6
8,J8P7A1
6,S2XNWJ
8,NUPV76
8,G7X97N
6,GOY8OR
6,FGXA4W
6,72G6VM
6,94N8VI
2,WH4RV1
2,1QCDKH
7,VH1VFN
7,K0VUM3
7,4MQUJZ
8,ZFHYO0
8,J73QAI
2,V3QBEB
2,BUXQD0
7,TXHSMQ
7,INZ55U
8,XRMXMY
8,PEVYDA
5,CDNSQ8
5,RKI62B
6,2AVX3R
6,0AO3X6
7,RF9CMM
7,LM4O0J
2,79FWO0
2,Q49KC8
6,N044CL
6,82QNKC
7,7JU4VO
7,P1FNPN
6,TUT3IJ
6,TW9DHO
8,NQEP9M
8,HM529P
5,CECYS6
5,XO78DP
6,YP7KYP
6,3RIN01
6,DDYQ8S
6,XFZ0WQ
6,Z5JLCJ
6,XKP39N
4,04NYNY
4,E6M1PQ
6,UUWVO8
6,C48L38
6,EBI0AA
6,8NWLGC
6,T9C16Z
6,LH6WCK
2,ZC7XX7
2,4HWN5W
6,E7OQOR
6,231ZTX
6,6X257R
6,1ZIKA7
6,18I41A
6,SFPJQ2
6,PDF0FM
3,U0PWII
3,FMASMO
5,Q0UH87
5,9SWWHY
5,MOXASR
3,CWRKH7
3,UEDAQA
3,05PQSU
3,KTF2PB
3,1NJBJZ
3,58JUDB
2,PDQRFH
2,LQTFGQ
3,EG2Y96
3,FR9OO5
7,FC9DQY
7,HO85B7
7,SFHD4L
7,88PVGS
3,AM6WKV
3,6069HX
4,ASFOHH
4,GWS9ZG
6,Z6U3NB
6,8SKWHB
8,PEVNPQ
8,HOFHY3
4,MNETLO
4,3672CZ
8,GVDHZM
8,SO97JG
7,DBZ0HJ
7,GRCB7P
3,DJF23Z
3,5IFOQ5
3,HGFGWQ
4,UWQW1A
8,1UD6S0
8,TY733P
6,JSSVV7
6,SE6IOH
6,10G2D2
6,HPDWFT
4,2940JX
7,PW0UGG
7,9G36DA
8,EIJRWT
8,1CUWB2
6,8RO3F7
6,D3EI3Y
6,CPT0O2
6,PDQVO5
6,XD5K37
6,3ZTFH4
8,DW0AU9
8,7FMDQK
8,UWSLGS
8,73YYWV
6,EN9IPZ
6,4I2QDJ
6,3MKHJV
6,JOKXQK
5,IV70QO
5,WLIC9V
7,4QBUJW
7,KGLXII
7,R6T1D6
7,YNGRBZ
5,G1R2OD
5,TOGZ1C
7,V6S55V
7,6PAPIS
5,6O3J42
5,7N4533
4,PFFSOE
4,FVN51B
6,AWOOQA
6,0GGBZ3
2,TI8HWX
2,VAPUO3
2,Y6JCLR
2,0RBT5J
3,KNWM1H
3,9NBY0X
3,KQ3KO9
3,BDDBPI
3,BEQJ4G
3,BHDQCX
3,3HFAB3
3,904KE6
3,ZZLZVR
3,DU4BLW
3,BB901C
3,RCDW4U
3,86FOR2
3,4NBT44
3,QGR0HK
3,7CGI7J
3,0AKIHK
3,11W0RL
4,L29MAL
4,VI8MWI
3,MCWLAC
3,LFO7A2
3,OFGMC6
3,8SJ9GZ
3,ZS5M0V
3,GEMMDJ
3,A6JE41
3,EZ0XTD
5,0EJZHL
5,UO40XV
2,W2HHAR
2,2Y71OQ
3,8KAFST
3,15HFQO
3,OHFJ5M
3,GDPCAY
6,04UYHM
6,Q9UQAU
4,5C44R8
4,3K9OLD
6,A9CZ7W
6,Z0Q5JV
3,FHQSB5
3,MMG32H
4,SYROM3
4,QYSVKB
3,WWQGQ2
3,46535W
4,YGPZAV
4,JJ9EOA
4,I4STIO
4,VL63QP
2,SO6KW4
2,IBLT6I
2,BMVKCM
2,6P0QN0
3,7MIP91
3,P1WDC9
6,SQQCX3
6,EJ6LEH
4,O5XGXH
4,1YENG9
3,2O09QM
3,C8MF6U
3,IZC248
3,C2M29B
3,TARTWE
3,EX8J0N
2,967VV1
2,9EW3V9
4,X36FMY
4,CFYNE1
3,KHJSNG
3,E6HRVD
3,MO6PP1
3,34YP6O
3,T5LX0L
3,0BWIUJ
3,DK2JU6
3,CNA1G0
2,SAA3SE
2,RKBQT7
3,ETJLK7
3,KB89JS
3,U01PW7
3,V0TNBM
3,1K7CR2
3,4QGRN6
5,4I13ZT
5,GNPK2J
5,1KKP1N
5,RIDXL4
3,4Q8XLO
3,Y7A3AX
4,BOD1H5
4,HI041D
4,9M5KMT
4,SFQ9FP
4,9NS8G8
4,UED4A8
4,XGEFYN
4,1FAO2L
4,9EY5D0
4,8I65RM
4,8I2N1H
4,T6EOIY
1,0C4HIJ
1,234MWL
1,XHFXL8
1,8G04UH
2,L8CRUZ
2,T2VBLG
2,05IA12
2,3YN6P4
1,6DUBNJ
1,A4HZ2T
1,3OZNA4
1,USJSUK
1,48XT1L
1,819CFV
1,F2NMGY
1,ZO0OBI
1,9E1GGY
1,QZ00GZ
1,B8XGHQ
1,4UHD28
1,U5MJ36
1,ZMNDP3
1,EXPD49
1,TMNJ4K
1,N02Q2K
1,AWRT4B
1,RH2Y46
1,9R2QJ8
1,V5KVSZ
1,Z9432G
1,WO5LXQ
1,XU43M3
1,Z2LXES
1,411EH0
1,Y2X434
1,A202RO
1,ADNME8
1,8P9ADL
1,YGOJZ8
1,S8WX84
1,MGKPDO
1,RVQ7S7
3,LMYG3G
3,0AOJVD
3,4YQH52
3,9S38Q0
3,0EB55D
3,0R3O42
3,NYJ6U5
3,6HDY64
3,7LGBJM
3,GED87P
1,P9BYAC
1,QD1KPF
2,3RT4SP
2,9G5TVQ
1,QPQLBK
1,NC1KFB
1,QH6ZKZ
1,5L2VWL
1,K8FSLR
1,250ABT
1,DOTG07
1,WNWCN9
1,G3QMVL
1,2NSY5U
1,2VV64B
1,FRM23B
1,NF8ZFC
1,Q52MWK
2,ZB288L
2,PVBO82
2,REDZDE
2,YAC46C
2,KF6WWJ
1,6XK5W1
1,6X8FH9
1,8Q94ZO
1,LJVM4S
1,H94YV8
1,BOO886
2,2WLHQU
2,Y3BZJM
2,XADNAZ
1,ZAUDHG
1,ABCHOZ
2,KY06BA
2,C5F2UE
2,PM1EAB
2,PLGVKH
2,TIHJVY
1,L3VMZ4
1,SOMHOZ
1,OSQ5T5
1,FV2VPK
2,JLGV2T
2,CRJ48R
2,HZRZB6
2,6I1SF3
2,WS21B8
2,TMPYQM
1,C5UZ3E
1,8A58IJ
2,NXGJRO
2,QVSO0Q
3,JIVTOR
3,LUHJ2L
2,ZAYSFE
2,XOUGVM
2,BJXTXS
2,ABJMUJ
2,SY7K2O
2,NRE7GI
3,3UK8HA
3,AV08SU
3,X87JDX
3,43K266
4,YTJ2YX
4,BE88Y9
4,K082U5
4,35FHGF
3,8XA4LP
3,ZK1934
3,RTEJI4
3,0AYQS3
3,OQ8INU
3,FP1804
3,AAJQU0
4,G7VLVL
4,C5V0DH
4,OAP0C7
4,FP8A04
3,MPO0Y1
3,5O9BVJ
2,SZYOG8
2,C9DO4X
2,37TL9M
2,01YK0Y
3,WROMXD
3,2LB16I
3,VL5CDT
3,GOP945
3,ZHQD46
3,KZOP0V
2,SQIXMH
2,U6ELRU
2,6Y5IZJ
2,F7RPDY
3,5ZXAW9
3,FLOSKG
3,UBYUXX
3,VHQ5EU
2,PG12KG
2,W2H0MC
3,RPSURI
3,VXK2XA
3,MTJX75
3,RXLKD7
3,YSFJA5
3,MRVXA9
2,G896IC
2,7DE69J
2,TYT0V7
2,P18WCS
2,5CASX8
2,EAD1BZ
9,I9GKJX
9,7AAQ9J
9,K465W1
9,ZEESVL
9,AE4ZIF
9,OC1HTT
7,H1Z8RK
7,DXZCUV
7,K18WGO
9,QZ9S63
9,VNHA4M
7,7TNRK3
7,D5L45A
9,8IO16D
9,CULVPJ
11,M18VNG
11,5NYO4I
7,PWBPB8
7,OZQW8T
7,TKWMSZ
7,QAS45E
9,KL51YT
9,XEAMBJ
11,TC5HH4
11,BTUK64
11,UU47FC
11,7IG6M5
9,71S2WH
9,BL919O
11,GV0L8M
11,BLFO4R
7,M517AH
7,LT5JM6
11,0RCN7K
11,3PFYUG
9,ZEYR5Q
9,Z34O9M
7,3CP4TZ
7,27IUQ6
11,PET4N3
11,N2DNPP
9,ANS4PZ
9,AYSLZP
9,LZL83T
9,92S57P
11,2NID2Y
11,VW7IGY
7,7HJPC6
7,BG0QNW
7,6JLBPJ
7,5SZH7L
9,UK8ERA
9,ND98QT
8,W7OFM0
8,JZCLTU
10,KG7B3V
10,4K36O5
10,3J5NL1
10,WNFQGG
10,P4S2HO
10,2GHZ6T
8,V0AG7P
8,34V2S8
7,7P0HEM
7,XCAULE
5,JWQHJF
5,I1O38F
8,9OTN6X
8,ICBTBP
10,IQIXL3
10,04AY86
7,NXGE4V
7,WD4EA6
6,O5VWLB
6,YCUX5L
6,LDHFDO
6,2843LS
6,QGBY42
6,34YDMT
5,YGXKQH
5,FF2EOD
5,M32N1E
5,YQT49Q
5,U36CU5
5,JKOA9A
5,EG20YI
5,DWIXK2
10,OD7FRZ
10,VQGSN1
10,JZF574
10,HSPJOD
6,PW4IOD
6,VB159Q
6,2CBA8S
6,MV1BI9
10,LZF7HJ
10,DMH6Q8
10,6IAFES
10,H58DAV
6,M83ASM
6,C3M2TS
6,WUVWSG
6,9CXELJ
10,AI6OQW
10,MXHM9S
10,H5GA98
10,HFK65A
10,L7FHQA
10,7C6XUW
6,JL6XEE
6,VLLJ8J
11,Z3PEHW
11,DGZKDW
9,7TAR36
9,G2JM40
7,4M4TXQ
7,2MZUQT
10,TII8TM
10,PJTX8B
11,75JOO0
11,JFMIU7
11,2GP2V8
11,W139CI
11,4PYWGS
10,TF9X5Q
10,UYP8V7
10,Q785CO
10,1W5M1G
9,FBP4G0
9,G04JJY
9,HZGRVS
9,ROC62B
9,HWHBZR
9,UWIOHW
11,OZ2SS1
11,JGT3D1
9,9QQ81B
9,1XW6MZ
11,B623K4
11,VUVI7H
9,PTUTF5
9,WHNOH6
9,5U5YIU
9,BQIFBJ
9,ON05QV
9,DEDY53
9,SGEXEL
9,86B5UT
7,0E3H04
7,3XNUFG
11,74FUOB
11,VS91YH
9,LT4T77
9,K45JCL
10,QE17FP
10,3VDCGX
9,4TDFLZ
9,ILPGSQ
9,NYNS5W
9,RKWMOL
7,MJKICD
7,KHTN3I
7,3X70XQ
7,388OX1
8,HIXQXX
8,QL2EHX
7,0BOEMX
7,44TBXC
7,PS5VG1
7,BKWI6O
9,NA99ER
9,2HHKHM
9,5J02CY
9,4Q5BR3
6,964HEW
6,1JWUMV
7,S971KV
7,697D6J
8,Q3XSKE
8,717IDZ
6,BMR814
6,07XGU1
6,ABVIAP
6,Z4O0Z4
6,YGJ57B
6,XKZ8NH
6,YPI7EQ
9,IIRSSR
9,V9BBV3
4,FB7RNS
4,4SY4XU
6,5NBB99
6,WLXCYQ
4,WDV31M
4,7VGEF7
6,SLUAE5
6,C3ISSW
6,N25T4L
6,ZQARYA
4,O7IF3U
4,BA1RLB
6,0F5L95
6,N6YDAE
6,O6UZF5
6,WTK3IL
4,QTXZAY
4,I29HNZ
6,3M0G8W
6,A1GG4C
6,VV1TDI
6,NOGU1I
8,940IZZ
8,GLLWDE
8,SPA4US
8,3NVZUN
8,Y89ABN
8,1V99G5
8,GOJOLN
8,PISQY7
6,0N2UUF
6,37LBAK
6,5ISRF5
6,O17AKD
7,D13HR7
7,433QNO
6,D8YYFM
6,NW5MDX
6,8FVEAH
6,XPNHD4
3,C0R726
3,ATUPK4
3,UTENFZ
3,NPFTYA
8,NE77I1
8,JXU2EN
8,07TG4V
8,0PRLOW
6,GIDJEF
6,P866WY
8,IN3W80
8,RA26RW
7,98H9LN
7,5J23WI
7,ZTK9XW
7,8WR128
8,0AFYYI
8,QF3QW4
7,DYXI46
7,92RESB
8,J9ZHK0
8,SSHQ9N
8,MRTLZX
8,DUYLIT
8,X8GT1U
8,0S8EOZ
7,33JRXZ
7,6L5B39
6,T8SND8
6,I8R9NT
6,A5Z8GM
6,RNN41M
7,E3B1CG
7,4GICZO
7,WOOIPG
7,MWCSPC
5,CFQOQ4
5,GG1SJE
7,AH46EO
7,G5DXO2
7,PBU77X
7,59KXCR
7,JBWW5J
7,A62KML
6,ABK66E
6,87XV9L
9,OCH38K
9,XOL6LB
7,HZTIEC
7,CH6KRM
7,B2PVLC
7,1TKTXY
7,OV1G42
4,JOTQ6N
4,ZVFCE5
4,A6BCM8
4,V9J55G
7,GZOJDC
7,OB7347
4,XX225U
4,TFWJQ1
7,H54RZ9
7,5XA9PG
4,4RCB1H
4,VMLNZK
7,X9J11O
7,OYCCKB
6,JNCB1P
6,Q71I5S
7,5E1LKY
7,LK4ZZM
7,6ZO9KT
7,GLAQU2
7,ZKUDZT
7,Q1J1P6
9,6J886X
9,8MHYXP
6,HQ8798
6,FOSEBR
4,6X6A4C
4,XKEDZ5
4,JQ9LJR
4,IP83O4
4,SG2TYF
4,FGBXQD
8,J97IIH
8,K2KRE3
6,8TIWFH
6,EF0E3C
4,TH0MS4
4,AW86IM
6,SYY1ZB
6,VJH3RO
5,HAFRP5
5,7WVHSK
6,3T98MM
6,HHRFFQ
4,GN3ZUA
4,I7XZV7
6,E065GW
6,QZ1SI9
6,2IUTBV
9,CXMBVK
9,JLJFZN
6,972CRX
6,TUOTSZ
6,MKXDZ6
6,PFAG11
5,KX3AOQ
5,LBJ7LR
2,SLYQ5D
2,DXJT7T
2,WRSWCE
2,6F6S2N
2,5O5VG8
2,MWFAE4
2,PDVDSD
2,JW07BD
2,8KHMX4
2,CK87VE
2,XJYTZR
1,NZDCW7
1,7TKOF3
1,OXLOZC
1,HY43MY
2,O3RUVL
2,CZW1SO
2,YVOKEA
2,16E550
1,VRHI2X
1,O3TLHY
1,3QO5OV
1,KT86DT
1,J9JYZJ
1,4WFEDX
1,CXTGVF
1,MTJ99M
1,OV1FN3
1,LGFNC0
2,O4H74A
2,M5D8MR
3,PW5DGD
3,P2AVCP
1,ZDOXA8
1,A52HNM
1,J5GW5G
1,TKOSY4
3,ZRDY44
3,IRZMPR
2,WAMR9S
2,00CPZA
1,54EEQJ
1,9PTZ0V
1,ED1ZN9
1,0RD39C
1,UH2M6A
1,0P1116
1,4DJFR3
2,L7HV8V
2,DBNLSM
2,GXFZRK
2,PCG1YU
1,IFPUWM
1,7848SS
1,2Z5LUG
1,6W2N55
1,TE0CX8
1,TL92MH
1,QIR1RF
2,MQO52A
2,7OWODJ
1,P0K2YA
1,DS03GF
1,RRWXRT
1,20BRFT
1,7471SX
1,R82ARA
1,DIWYV3
1,C5GK4H
1,NCUY76
2,2HNXW5
2,9WH5BM
1,GNC5P3
1,K7HMZ7
3,UTZVLM
3,L7AWXO
3,QQVQPG
3,BWIP0G
3,461Y0T
3,C6YONH
3,07V89J
3,03A8DX
3,R9R9I9
3,8KWYVW
3,0IXOEU
3,WIS52W
4,A0L5GE
4,IS9GXP
3,PKD7AG
3,WKTKEU
3,FQDM9E
3,FKDDME
3,A7KW28
3,BM8SLO
3,WYEKRK
3,P723YS
3,UW1QAA
3,TPAP59
3,TJNHYV
4,PZ2FCF
4,0NC8ND
4,HJIMN1
4,AVA4H0
5,GYH5JL
5,ZVF1W2
3,7O0YNP
3,Y0MH8U
1,CFYCLN
1,5I3NVL
3,040F6C
3,XP2IPH
5,W57K10
5,JAQQ24
1,4MBBFP
5,LVD4Y7
5,UVW7C4
1,8RMPUT
1,SG5JVL
4,GAE2GW
4,MADLFV
3,LFGDMR
3,KNUM4E
4,C1YS84
4,SIJ01U
1,EO9U04
2,LOYCC5
2,UMS0D6
1,05YCW9
1,Q18BL4
2,F2685Z
2,G4475J
2,H5VE2X
2,KXAGEK
2,JFE21F
5,3TQLOA
5,0CDCIS
3,E8SH0C
3,OQKU1A
2,R6QUNA
2,SKV2UW
5,VG1JII
5,SHGUD2
5,DV08B7
4,FG0IXP
4,ZZTCBW
4,ET8CRX
4,3KDIYO
4,RYQCUD
4,JL46HR
1,9KCGS1
1,TQ4H9Z
2,GF1GQP
2,V0N5V6
2,2SE2UA
2,M23I67
2,Y866NJ
2,FS8R6K
2,HQNRTA
2,5XLG61
3,EIR0DC
3,RMBWE8
1,86ESTX
1,JHDJDD
2,HHISKP
2,XPDXYF
2,PYKC1R
2,QB11T0
2,Z8BI49
2,P3Z9QW
2,R5LJM1
2,7UQQSX
4,5T4BN8
4,N9H718
4,ELNO2K
4,8P0914
4,772ZNE
4,KPTBTS
4,WLTDSJ
4,M13XJ3
4,LU37TT
4,0HNJK9
4,CPMVKN
4,LNHFVZ
3,K9VKRZ
3,RV1V3U
2,AF96PC
3,GLK7W6
3,9RLKOY
3,PH8SGM
3,HJZGV9
5,D40DP2
5,ZPVYV9
4,ISIXRA
4,DDJVO8
4,Q9DH8E
4,5H3HIX
5,V6RLSX
5,SI50YW
2,834SDB
2,GS7W6I
3,ZCMH8X
3,4WWMJ2
5,36W6SF
5,JMEMHL
4,A8S5BC
4,MXCMWP
3,5U40SL
3,HUT71B
5,450BB9
5,21PW5Z
4,IS805N
4,E9RIUN
5,JUJ6ZQ
5,537T87
4,IL3UIH
4,3M3FD5
2,EHQUKL
2,0VDNXB
5,90BFB7
5,FJVJ3T
5,JBI3WR
5,BSCNE0
5,LZLCNN
5,ZLJ4MC
3,DFID07
3,I88H85
4,YMC93B
4,C7312M
3,456E1V
3,DONPZ1
3,9ACD54
3,T5RX9Z
5,9ZKW0E
5,TFL6Q8
3,KP2GSU
3,O2B2OC
3,197VEP
3,FSUJ3L
5,BBTGZL
5,1CKDQG
5,HO6VUO
3,B67JZ2
3,JGDBSN
5,W7GPRG
5,BKCJQP
5,15DW1X
5,09HK1I
5,WOAE1J
5,OJJHXJ
3,7HTX39
3,T7TTE6
3,A3DMX2
3,RKBJ34
3,AO79LP
3,BUG195
3,L1P3K6
3,OWQL2D
2,WC5M8R
2,9JBZ1K
2,XF0PZJ
2,0S1LSA
1,ALFLT5
1,UP4MAF
2,HLLJXD
2,QHKHUT
2,VB7CKE
2,M3JVE9
1,0HK419
1,NSC0LP
1,AVKFO4
1,2WHA3X
6,PEJZAH
2,TG7RCY
2,72GXYW
1,D81G53
1,9LOJM0
1,FJQET7
1,AZYPVQ
1,KOZMOH
5,6C95RI
5,QXO0AD
5,MBTUD5
5,0SS50A
3,1HVDXV
3,E9HHQ9
2,5DDW3O
1,RD8C9S
1,15FU3A
3,F4UZTN
3,TRF9U8
3,8GQ9OF
2,4T3XVN
1,KI8SXO
1,CEKGZO
1,I6DGVD
1,W49CCK
1,0XSO1Z
1,AQH4OM
1,M4DWZL
1,ERMESC
1,K7V4KX
1,ISLUN4
1,9IGU5V
1,8KR5XK
1,NHK7OA
1,K2KLH2
1,DOQF1E
1,D7298W
1,GAMVO1
1,JJZBPK
1,V1ASSU
1,II5CU3
1,ZNHPHX
4,41Q4VO
4,NQDZ42
1,MT25YY
1,E6EYVJ
1,GWPPNM
1,76KZBQ
1,EB79DK
1,PWVYBE
1,MH9VQG
1,QV5ABS
1,8JJB1B
1,C35N7F
1,6OUQY9
1,N3IJOT
1,ZXP5PG
1,EK7PWV
3,VXV3YY
3,CJQ387
3,09VXSY
1,LV1XCE
1,T2X04Z
1,L8V0PH
1,3HT1YC
2,VXA53A
2,25IH7R
1,GNJ11E
1,GGAD8M
2,A9PBCO
2,WOKT4Z
1,US2U7O
1,U4JE87
1,7YQIZ2
1,Y6NAFW
1,4GSU4M
1,DP1X3X
1,KLDDTX
1,0FSLE9
1,ZTLNTH
1,8T8PMM
1,NIZRD1
1,YRAERS
1,LI5VZA
1,3X5U7X
1,M2I56B
1,9SJQK7
1,RPT7R9
1,YDI2X4
1,8014KH
1,VHP8MA
3,J2HCW5
3,XJWHBM
3,JAEOUU
3,92D28A
1,SYDP84
1,GAYVDQ
1,3YWQ01
1,LM9JCH
1,MP7F49
1,SV0FOG
4,95RXH3
4,ZD0ZND
1,JUSJPS
1,4CYJ4H
2,ATI2HJ
2,3FF3ZO
1,42M44U
1,F9P60V
1,2MMCLV
1,K2Z1MM
1,MG1CNN
1,ZT45BL
1,I9CKQE
1,E7OYTA
1,JYMADS
1,PHAR3J
1,68ZHOU
1,5NTW4S
2,3PD275
2,SRTNU1
1,SDA2KS
1,QA8K9I
2,SIIFPK
2,YDNIO4
3,00XNQ5
3,CAZMRT
3,J4FFW2
3,Y54E6U
1,862577
1,5JQTPV
1,EITPPH
1,E08105
1,MFICYM
1,D5O8W5
1,352QVN
1,KAOLS2
1,5TAZKR
1,BHSCDQ
1,GP92YL
1,O4AXVO
2,3J8VFS
1,28X5N0
1,G5EGCK
1,DR579M
1,BBWAYN
1,OONM5F
1,70X38K
1,CGDHT3
1,8RSCKZ
1,EH68GE
2,ZPI84P
1,8CGEC5
1,CUK1CR
1,C65EX1
1,MHR3LA
1,L42UK5
1,RH63U6
2,4DENXH
2,IWV1GW
1,91XNIY
1,MXMBC1
1,NEINME
1,ZTPM32
1,CBC5CK
1,YWQLWL
1,XMXQ6I
1,RIA49Z
1,1A0PD9
1,J8E5WW
1,3G8HIB
1,BYCWQL
1,Y42QFU
1,TBKNI7
1,0H14SK
1,TX2610
1,88TYKF
1,5O9MTJ
1,7T3UL5
1,NNKBXD
1,1MIQOW
1,VMC9L1
1,I4B07W
1,28TCP1
1,IQO84C
1,D7TS5G
1,7CGMPW
1,C7FR84
1,1YTO0R
1,W41ZO7
1,RWVY2H
1,KCMKWC
1,CKPKDB
1,UHQIAC
1,F8T09V
1,WFPOM6
2,GQRQRF
2,XU4GKT
3,7EXIG9
3,SYPR5E
3,3NXUL8
3,8CHS2A
4,WD71IN
4,L4WOJD
4,3BQS9J
4,BN1RFD
2,VFKB28
2,5CXGWO
4,KA9HE2
4,TLAIL2
1,FLXX6H
1,JWGYR8
1,6J6RUW
1,7QZEXT
1,BX1W1P
1,W44MCY
1,TSJ705
1,DX4NBP
1,YBE3UD
1,64C2E5
5,EPTB8M
5,3GDFMN
5,51O2PB
5,6EQZKN
1,SPKU03
1,F3LJ98
5,2V2SS0
5,Q6GGID
1,NS90GV
1,03VCKR
1,FVSV3O
1,WHGJAA
4,3R92T4
4,M3DSZI
1,2IN9VM
4,6M44GV
4,MJJOST
4,BGY8W5
4,PTX7HS
1,D7DKJC
1,3BPIAZ
4,Y9WQ3G
4,F8H3L9
3,1Q7TM7
3,THZ3LS
3,ZGLYT8
3,F5UVPU
3,CWBP5N
3,4TI33K
4,5FSTRW
4,MLLOMH
5,XM6MSG
5,NWTG8L
5,A7RXDM
5,011G8S
3,CMGRRE
3,BM2H1R
3,XVEPBR
3,56I4GY
2,6245JY
2,JL7RBR
3,AA63NE
3,4N3P94
2,5IGIIK
2,1WML1E
3,Y4X2GF
3,59DTLR
2,MQIJVY
2,M2Q2EE
2,OTH3UL
2,HAGZP7
2,JWX16G
2,YX0E8K
2,VHP9PS
2,HWTX2S
1,THEP95
1,U27A52
1,M0CUVT
1,BH4BMD
1,38ELKJ
1,PUAG94
2,PI46WX
2,KQXXES
1,CWBNW2
1,INPDKC
1,9OYZKG
1,SO85Z1
1,521NXE
1,Q02JI0
1,299ZSP
1,I82GBJ
2,NUGIIO
2,LIF5OC
1,FRDIEL
1,SCUGQ3
1,MQW0NV
1,V6828N
1,YS9A2O
1,7LFOGW
1,78113A
1,1W7E6E
1,QOCP8O
1,T4O5AP
1,I9A4CH
1,42HW3L
1,04J5UB
1,VL1V4B
1,BYQYR3
1,R2CM2K
1,CKKPJQ
1,BR4RCQ
1,ZP98D7
1,HSN042
1,0REW3A
1,L4Z7JL
1,MNHCHK
1,8E1E7K
1,N4NH44
1,WQUQN4
1,V2MJ3U
1,X02E7E
1,RG4V0Z
1,C68JAK
2,XM03IN
2,OAKDXO
1,VGTTZ2
1,SIFWWZ
1,2W4D0N
1,CFYKXI
1,2KRG8B
1,BLLD0M
1,0WIM6H
1,02QYE8
1,GL4DDH
1,HE0ION
1,L6MSC2
1,ZGN3YZ
1,DOBCNL
1,PSU1CK
1,DDJJ5W
1,U3IMLN
1,SHU60Y
2,XBUJNC
2,QDQJJP
1,H5OIWR
1,N2OF3W
1,QK3QJ1
1,F9RHA2
1,QZR377
1,GXAEBY
1,WTY0XE
1,MM8C4D
1,ATQZHQ
1,H6PSGC
1,25GIUT
1,A1YV1X
1,19VNVH
1,RT33BV
1,2EPZHS
1,FZ1V8A
1,5J1I5F
1,95OG7A
1,OQZOUV
1,0JL1E3
1,XCY5G4
1,9QTIBO
1,FWEHTT
1,DQBQZX
1,8IG2G3
1,TQPQBH
1,JDHMMR
1,8MIUIW
1,QV4LUO
1,VV4U4J
1,QI2647
1,EPYE0M
1,PQS5V4
1,G19PEV
1,JFLO5H
3,Q640A0
3,UOOA0F
3,0RMFDG
3,8OTDUR
2,4B4GGX
2,K3F3KX
2,CUYLVQ
2,MN5KXL
2,4L0F6L
1,BZ6WR0
1,EREOKJ
2,NXKCFP
2,JLXO9T
1,Z4AUER
1,67HPLK
1,QFIDW3
1,BW6KJ8
1,ZE7Y96
1,8HCTIW
1,UN1T0F
1,NVVRRO
1,X84RK2
1,RN9AHF
1,HQA8MX
1,FXRIRU
1,1VBHJP
1,N66Y38
2,2664J4
2,WB6K5Y
2,OEZOUS
2,V9JJ9L
3,TFKYLK
3,1OKZXC
2,5X30DM
2,I8US5R
1,PE7IUV
1,TCUDXM
1,OVO7CC
1,K8CL1X
1,IZYN9Y
1,KJ2REN
1,R0X7U2
1,GIB6XV
2,17U0OO
2,4EFR0S
1,LSRFIP
1,DA53E0
1,U6NLVV
1,X52OY5
2,3SQSQF
2,S3LK6U
1,WAH565
1,R08ADV
1,HQA37J
1,LS20ZC
1,S1XI4Q
1,VAU6ZU
1,RFBAYA
1,KG8GE3
1,PAKXT3
3,3A895A
3,954UCI
2,L3Y4LC
2,6IOCPU
1,RWP7P5
1,1HSQME
1,UQN7XF
1,OF6OYN
1,EUTRYM
1,STMCCZ
5,ZI5I2B
5,IZX76M
6,WUSFI3
6,GUCZYO
1,7XHSBT
1,J4M8D5
1,B8Z3ZN
1,IDQ73B
2,V08Q2D
2,46XC6T
2,O2NIFO
2,SFB3TI
1,4KXOXN
1,QJKQU9
2,CASS6R
2,MT0JYN
2,NTYGV2
2,XYXLFE
3,A65KSH
3,LAN78T
2,XVG6BG
2,1V31IY
2,DREYS3
2,0X6O99
2,9HX190
2,V3Y5KM
2,SFOVLY
2,N4H66P
1,Z67JEA
1,SPJUKM
1,PR9SKT
1,H9UBK5
1,YFWO8M
1,2987IN
1,NSYU6W
1,KL0KJZ
1,D8LSXP
1,D0QEDI
2,VQWZGO
2,ZFKU2B
1,CBUV8X
1,VI8QOJ
1,6IU0RV
1,UH4BMI
1,ZRZVZO
1,Z9F43O
1,L9XCH7
1,RVBAMV
1,KQDIJ7
1,F3J2NN
1,3T0BEW
1,21HC1G
1,7J6JFF
1,U9YQ4Y
1,XOZURV
1,E0HQHR
1,YALIFV
1,BT51Q7
1,JBAX4Y
1,H0ZOVR
1,Y7U8ZZ
1,XJD7NQ
1,PA4I0E
1,RZUTI2
1,SIJ5GL
1,1S4H9Q
1,135E78
1,ASKOM7
1,X1C13N
1,BZ9Q0F
1,DYTG18
1,RPHGK7
1,XQIGJF
1,SE6HMI
1,FPEH4F
1,MFOY3Z
1,VLJD8E
1,LT9365
1,T9K5MK
2,FTIKMM
2,B1AJ2Z
2,I0SHPD
2,CQN3K9
2,U8KTNH
2,YO2OF8
2,5RH7OP
2,K8LRZY
2,2DFMJI
2,R7SQXL
2,QKLLJS
3,NX59TT
3,65PQEQ
2,HX868Y
2,3RHS39
6,E5OPFD
6,J2JE18
6,Z02Q30
6,N77G6T
6,MDF4F0
6,86T07T
6,MXB83M
6,09BR6L
6,QQ0GC4
6,B55ZHO
6,O1U0LE
3,Q8DCF7
3,BUDXPH
1,C2SPBI
1,N7RJHG
1,13RO2S
1,YSQWTU
1,5OYA77
1,OGFZPF
1,VL0KBP
1,QHB79X
1,8SM2QF
1,3BQ5HD
1,EZ7D5B
1,16FKRF
1,LNMS3S
1,YIH4VB
2,77CGLW
2,UWS5R9
2,RDTNHI
2,VXBD6W
2,W1ELZN
2,CL2KE8
2,FSU1DV
2,KYCJX3
1,ZQWZ6Z
1,RV3S16
1,ZLMUZB
1,31KA64
2,U83T0T
2,FJSNOX
1,ZHEZBE
1,G6UFBZ
1,XT202B
4,RLHXWO
4,8G6IH1
4,IQ3X6K
4,Z0S4M1
3,ISH043
3,53CO9N
2,LQ1ZYC
2,TIANDL
2,A41JJK
2,1EGSW9
1,CQRWUU
1,UFOTUK
1,PFHN28
1,536SRX
1,PQKXI8
1,Y3MVX7
1,TN13KU
1,0RYCGV
1,F1KNMK
1,G1TJ79
1,UMBM94
1,4CGCO4
1,YWXA6U
1,UVDU1W
1,ERPU2O
1,YAJOJN
1,CTN0J7
1,9HPM5T
1,PIRFM2
1,WGM11P
1,F44IIE
1,GOY52F
1,UQRBXO
1,1ZCQ99
1,N3FVHZ
1,SY04D2
1,44QEVG
2,QVRAKI
2,EOX6RP
1,6VTHY4
1,NYXUOI
2,2UJ3C9
2,04H7GH
2,2DBFVC
2,VEWCUB
1,HASZVS
1,BIR7RI
1,XBSMZG
1,1PB78D
1,E4QEDI
1,VUFVK9
1,INE8QA
1,950C7L
1,HLHDS8
1,79LFSU
1,OY52HJ
1,QMCPJ6
1,62PZ89
1,BI3S5J
1,HY7ZCE
1,UXHHNN
1,S72FPT
1,V7WK05
1,76QXXV
1,G7HWU8
1,V1TXL9
1,IJZRZ6
1,WKRP0W
1,YFF175
1,LSR4DC
1,T2FU79
1,0KZ0HA
1,GEAFGY
1,01NH1D
2,S6MKHP
2,3DC3ZB
1,1VFG2I
1,372J5V
1,2RLNL8
1,G4KM0M
1,QBA2KK
1,5LPD90
1,FGT3ZF
1,ZM8ABK
1,5KEEK9
1,EQUM73
1,BH1VQG
1,8PAUFX
1,J2NSAB
3,K3TKV6
3,46II76
3,RY450J
3,IZMW30
6,QVIJCB
6,QZ8DAP
4,0S440U
4,NBT1WP
4,JL7C9Q
4,VPALQI
4,84YXWY
4,UZNHDB
4,NR7PPS
4,R883XJ
5,JLG2PS
5,3WER0H
5,LKY20H
5,Z1DBJN
7,BRAMVO
7,R2XSQD
5,6JRELM
5,MJNPAS
1,L3V8AX
1,R5O4P5
1,Z84ZU6
1,5QB7XA
1,XCRADX
1,3Z8M6T
1,QUNEOV
1,OCGK5K
1,95B7VC
1,MISI15
1,0ZLXGI
1,VBD8TH
1,RLPIL3
1,S29J7F
2,P15OR9
2,11VNEF
1,IC4SLO
1,L0JR2L
3,HEJUOY
3,A3JPC3
1,KECTHF
1,PDNHAF
1,LS3UOT
1,IB9AQ7
1,BOJC2K
1,MBVPIP
1,C7RHMU
1,I5FDI1
1,CTGFWC
1,466W2H
1,UG57LZ
1,JLFAE3
9,3PQPVD
9,UZW0WU
9,8798JT
9,S604RB
9,3PWLNU
9,21ZF5J
8,LZGADC
8,Z2HKYI
8,IWZE1M
8,BTLRNI
9,0HEQKA
9,RUX92O
8,WS4UA9
8,8YCTBD
8,FO16AH
8,4L3AVJ
8,U5FFXL
8,44SCW5
8,CTFVX5
6,519183
6,216SVS
8,AYRW8X
8,CO9Z5R
8,19O9B7
8,L0R0UO
8,0JEFS4
8,ST2N0A
8,BYE5CR
8,PRY6QF
8,8QTSK1
8,XQW7TM
8,MIXK4E
8,42NSM9
8,U89L1T
7,CPCUIA
7,X6DB1K
7,YRWCHR
7,FLVDIM
8,AXVD2E
8,EPKSND
8,FP1FUL
8,CL7LHD
8,RQIOW8
8,UHZP2P
8,K3B7FN
8,26XL3E
7,P9HU31
7,UHPJTI
7,69Z5I1
7,3C0ITI
6,UTT55T
6,B0L1GU
8,WEYZZV
8,FVG6K6
7,43OX6A
5,JCP0JZ
5,7WQ2VJ
8,2L1EHN
7,GA8187
7,JA5YKZ
7,V9QR2K
7,NG8PQ9
9,3NCU01
9,BKU7E0
7,RNRPBE
7,3ZG2FY
8,RFU129
8,KYJ8AO
7,YKKYI9
7,6T8EIQ
8,6UJM1O
8,ASSSFX
8,LKI0HY
8,B8HRJA
8,Q3TOTS
7,L3752D
7,2YJECD
6,7LMXLA
6,EL4XRW
6,WJ51CQ
7,X1BAM9
7,G1Q7TR
7,TUMH35
6,VIUH2F
6,OH8K3M
7,HP22Q6
7,DO8WL0
5,BQVKXZ
5,KIOL6Q
5,7L650V
5,KMGU5X
7,OPTF5G
7,ZQOCI5
7,F8XHGR
7,SV6PI0
6,U3UFCM
6,KA7YYN
7,0OBJU8
7,XFJ4JY
5,XGLRNJ
5,YOVCO6
9,IA6V8G
9,THY2AK
9,N0PVY1
9,V7CK7Z
6,TAQQS2
6,XFU5FV
6,HE05BS
6,BJMA58
6,UW26K9
8,F8Z8TK
8,CKOLE4
8,WGRX77
8,64TW6T
6,KDBXN9
6,PT90BS
6,LT91ZI
6,7HYHE5
6,JT3439
6,P8D7YO
9,REF7RI
9,E0ER9K
8,CRX1J0
8,0VGXCD
6,FH7KFW
9,INLNCM
9,ZE0CEY
6,82YAJ2
6,IR7STZ
7,2E1J93
6,2HZ9RQ
6,G7HKS3
8,H9N6SS
7,T6HSOP
7,56VL1L
8,IZ601E
8,5BJWMA
9,P7LQ3Q
9,A48EAZ
7,TJORHB
7,MU8DWO
6,3ER544
8,VRG7SG
7,HDLAGO
9,ZS2393
9,7XTEOR
7,J4GVKX
7,WJ94XR
9,B4ZDRH
1,6IM2Z2
1,KXFN6H
1,KX1N3E
9,9GUFPE
9,GIR3PD
1,ERW5ET
1,2HY19L
6,TTHYP6
6,J6GUQZ
8,8G2WEX
8,V5W9NI
8,MO8ARJ
8,M4MOP5
1,IA4XG0
6,6WC843
6,HAD8NP
7,YA3PML
7,I1UI2R
7,YVI7P2
7,980E4I
9,H4KCX4
8,NWBEPR
8,O8YZF4
1,ZFO9ZH
1,TZH258
9,KB32U7
9,UK49CB
5,J8L90R
5,41S5M1
6,HKX086
6,O6US4J
8,2M18OX
8,CYW2VA
5,G42MPX
1,YE7EGY
1,1XC15D
5,5VRVS0
5,339YD9
5,1J1HNQ
5,SUS9SV
5,EIHEK4
5,X61RI6
5,J2W5B6
9,2JWMQ6
9,U519PR
5,YT45V2
7,A5S1EC
7,O5ORAF
8,A5DE26
8,52UIJX
6,AXM3NV
6,14MC69
1,ZT91PB
1,OCITQZ
6,1ZRN7H
6,AAMDNO
9,X4I3T7
9,4P8728
6,EZBT9I
6,26ELL3
1,QR4OLQ
1,BDQOWL
10,PEOJCO
10,V67HE9
5,MB2RDT
8,TEJGU8
7,1XTDE9
8,C97RH4
8,I6LZ6I
7,LMVZ84
7,E0D2RS
8,KVCA8X
8,E2Q0CB
7,4YAZR3
7,B8BYSA
7,KMPY92
8,PN9EWG
8,02CC0U
8,EJIAR8
7,OOWHSJ
7,P853CL
8,NNN9TS
8,OPGQKJ
8,1R2APF
8,FL6M1X
8,D1T7M5
8,VV4J3V
8,CJQOP0
8,NFI15A
8,WO5K5T
8,8KB80U
8,D9EYTZ
6,I3E68U
6,UOZ6SY
6,0JUK5J
8,1B5ODD
8,BV92MI
6,8MBXMW
6,R6O2QL
6,DW0OFO
6,4UWLUZ
8,YPLUKB
8,GV6X4G
8,I4SZSJ
8,VET6AQ
6,2ZK783
6,Y5EHBT
6,8IWZJS
6,0Z7BNH
6,TMET0G
6,EBJCBY
8,NDLAI1
8,FBN414
6,ZQ80MP
6,ZF5XJC
8,XA3HJ7
8,ERFIIG
8,OZAE8E
8,RH8XNO
9,T42H62
8,67GMKK
8,O4JN37
6,FSH3IH
3,22HS2M
3,YW4YFE
6,BEUUZY
6,C15VE8
3,MGI3I3
9,LUNJ8E
9,GA098P
9,2FQWMT
9,97EGOP
7,V4UAWQ
7,5H7490
8,UQ23UK
7,ID0KCP
7,HW506T
6,S29ARN
7,5IHD2M
7,JXI046
3,8KAPDE
8,ABZR10
8,82CII6
3,LSWZIC
5,NB9ZDU
5,LDI1OB
5,0RG7N0
5,BU8G3P
5,6EYMAB
6,RTD10W
6,TK516Q
6,MA69HJ
6,SFV28B
4,6SS8W2
4,SJNX4G
6,0A9UX9
6,XAMUR7
6,KG6QXW
6,LQIZPP
6,AD26AK
6,MPB634
6,AQFE2W
6,WXIY3R
2,2WY41A
5,FJ6PD2
4,IEXLY0
4,5U7MI7
1,NKQ4V9
1,CB01O0
1,55E0QU
1,9GBYYS
1,R42FSC
1,8C4SWJ
1,PTHF3Q
1,4FZK8R
1,DMX053
1,ULKNV5
1,31GXPE
1,9HUI51
1,Q0APTM
1,DSDCCD
1,GJ3QC9
1,HWCIOO
1,V5F7DQ
1,767DCP
1,5D1SPU
1,VYVLCU
1,QIRPL0
1,HWCH9K
1,71RH01
1,R9C3SF
1,9TG1OX
1,97D75G
1,2K1S2T
1,XPD19W
1,NTPS8E
1,ULFRTG
1,XAHH8C
1,Y5MZJF
1,2CH931
1,PAQELA
1,MBE87U
1,CU93LQ
1,4JYK6Q
1,J43HJ3
1,UK025L
1,66MPDG
1,UYUUC4
1,9MWXCD
1,WUSSMS
1,UXRUW3
1,0DIJ1F
2,R0NO8T
2,4JGVPT
2,XT7Y8A
2,FSZFZJ
1,UGTY2W
1,G5BMUO
2,C8PJQ9
2,QI9QAM
1,A65V2N
1,FKBDJH
2,ENEWI1
2,OD453H
2,51CPBA
2,7POYYL
1,2JR00N
1,PM6U3I
1,UYN0JA
1,8CXO4A
1,TC48YJ
1,6HT0N1
2,8BH6ZP
2,PBUQOC
1,U01C5E
1,BNENX6
1,0EOZ83
1,L6ACG1
1,RRD7EC
1,SMXU3U
2,NWN780
2,5IEDQ5
1,Z6Y8LM
1,080T4Q
1,JU355D
1,GTZ8EY
1,SLPOYP
1,YWAC2N
1,70CBQL
1,5XNCJQ
1,C12O5E
1,CNMACQ
1,XWYIDF
1,20ZQPR
1,MLN048
1,4KXIC6
1,R2Y9TB
1,M3P2KU
1,4MBYSS
1,CCH4VS
1,74YPCF
1,PIOD6Y
1,OATB7F
1,JWRZC0
1,CUWPNR
1,AP7IB5
2,FRDQ0G
2,R7SSCP
2,WRVRCA
2,J7OZVA
1,J3NUE0
1,VFC5N7
1,744V5J
1,D1P5ZB
1,LRM6L6
1,VDSJG0
1,24JCIC
1,U3EJXV
1,CNUU4K
1,7O143L
1,58EP9J
1,NTZMLY
1,SFCI56
1,25EWX6
1,08UP3V
1,VE2G7K
1,8M41R3
1,1PD72M
1,E0X1W7
2,TT2DXJ
2,4N0W18
2,JHDMCL
2,8QCUNG
2,71K4QS
2,SUL9RY
1,O81CUL
1,2HKLMX
1,GBI2KI
1,KTC9V4
2,8YWRFF
2,F383OO
1,2CRO6R
1,AG695X
2,1R77V9
2,ZAPMY8
1,OG2VYV
1,QQ0860
1,WQEA4X
1,QRK1PF
1,OJP3W5
1,VGLO32
2,BHSBS3
2,S0WZIY
2,FA6XER
1,HZZZZ3
1,0SDIRQ
1,7SBF29
1,4NRED8
1,GTH6RA
1,YVDKUF
1,0ZRBSM
1,EK14PS
1,VF8D3B
1,I2U9MW
1,OT0VCL
1,1GVEZY
1,34Y9U5
1,CTODZJ
1,AKKTB5
1,M20R5U
1,NV3BEP
1,DPU34C
1,70VF4J
1,0CXNCP
1,S679S0
2,6VCQV1
2,HL6L51
1,81VTHD
1,OTG5CB
2,WRRZ1E
2,KFN2ZV
1,9CJGOY
1,8Q5MS3
1,P5BS8V
2,JKRYGK
2,DVKBCD
2,HHP2VG
1,ZX49E3
1,BQ1IBD
1,63Y98G
1,ESUIPP
1,7V0IVT
1,5OR2HC
1,CDS7CQ
1,4WNLVJ
1,2B6YQ8
2,GSRPI8
2,GVY50G
2,CUKAHB
2,ZARJBT
1,NLRI1O
1,7JC38G
1,QGB6F7
1,HWYIXK
1,0KE7PX
1,1F14NB
1,JLNIY2
1,3URRUZ
1,F77F3K
1,DGQ21T
1,V65HQV
1,0GUIRA
1,UNS8UY
1,0QYIZ0
1,K7TZBU
1,TNDG47
1,NOFDEW
1,XN6N82
1,WM0N51
1,DEUHXH
1,ZZJIPN
1,WZB4AY
1,IJYIGT
1,LOLGO6
1,M2X40Z
2,NZ53LQ
2,69AKZ4
2,PXBLU0
2,CBLFH9
1,7V1BAM
1,3AV0CZ
1,U5FW0L
1,3O7UT7
1,2KGN7S
1,7TWOBX
1,NROEMD
1,C1CPGY
2,1X6D0B
2,WFXHO4
2,30SKH9
2,HRELSE
1,R9OCXD
1,CDR5FU
1,0ZEM9S
1,LLR7LM
1,8I9ABH
1,HA8QL7
1,W73UQO
1,GBHYL5
1,A5671V
1,N2CQ6L
1,0BI5QO
1,3MJ8QX
2,DVOTUA
2,4FPFFO
2,AQ6CS6
2,6HHHOC
1,HWK66F
1,1W3N2R
2,O6ZAJK
2,H1TADP
1,355VXY
1,3J7HC7
1,AA3MXS
1,Q23JMR
1,XY70UY
1,JE8X4M
1,ITF2Q5
1,2HDU33
1,3UV5B3
1,E2ZUSH
2,RN0FKX
2,P0635J
1,5EX08F
1,RCXD8L
1,AILJ5S
1,EV1A5W
1,YN2X6O
1,TDS0QF
1,XPBESQ
1,I2MNFG
1,COIWV4
1,AAYM3U
1,0Q5AVZ
1,PIYT59
1,LZTGD9
1,PLZWVV
1,B8S5Z6
1,J2Q954
1,HBJA5C
1,CDBXRB
1,70HWG9
1,H68KSM
2,BRN27W
2,R7YJIM
1,ZD0I0O
1,U1PI5T
1,YXMZ2M
1,0484RG
1,OODF7R
1,MOAPKQ
1,FHHYMN
1,1V8LQX
1,A23RKQ
1,6SMPD5
1,3Q6GG3
1,DDEWAL
1,IG4IM0
1,ILGVXR
1,UKOOLV
1,BLGAOA
1,IY02AV
1,YFBQYA
1,A87BZL
1,QOU72Z
1,V68O9M
1,R0RAAK
1,J66BC6
1,011QQ2
1,MFV2HC
1,JNOH62
1,7KCYKD
1,VLYZZD
1,I078MW
3,4RWCNZ
3,A8QJ58
1,MV5DBV
1,DY8EQ0
1,GY4KYH
1,ODNGAB
1,7J1MON
1,02851F
1,OO89LN
1,BYER3B
2,I6V7AK
2,Y7YG5D
1,ARFVSF
1,R82RVR
1,6JEXS6
1,UUJHQB
1,F5E4I6
1,IM9S3V
1,NW3XRF
1,9QQ18B
1,I1AIYG
1,BJOTIJ
1,Q3NUTO
2,B3QVRY
1,M96HTF
1,39K7XQ
2,B9DWVN
1,ED9RCE
1,XMP2VN
2,GTY9LO
2,9R5VHK
2,KKIS3B
2,CUT5M9
1,FDQZYT
1,9WFNBI
2,ZP9ITG
2,FKI8RP
1,URRMGL
1,7JL2GE
1,HTOMH6
1,YBW5MX
1,YSGMRG
1,L0QOQE
1,KQ9S10
2,EKKTJ3
2,77H01S
1,LR9Z52
1,IB6Z75
1,007OSJ
1,XCGASI
2,TXG96L
2,2QDFT6
3,92EZOK
3,ZZ4165
3,9CY5HN
3,CODVNU
1,S0JDFI
1,K9RXDW
1,6TM76Z
1,K8N9BP
1,GS4JJK
1,S8PJ8V
1,YZ6CDB
1,GI50S4
1,DEICWY
1,FMZO3M
1,1OP80N
1,6JA8KY
1,IU3BWT
1,17M7PZ
1,EM25M0
1,67KRD4
2,OLRUGI
2,IZDFGR
1,H011FF
1,F17OW5
1,PVNAEL
1,TO67ZI
2,UYA9AT
2,OBPMC4
2,2S745B
2,86UXNO
2,KIGGIG
2,9D89XJ
2,SC9TZY
1,17X7HZ
1,25RSJB
2,VHG2TN
2,SG7G73
4,ZMJFI2
4,O1JCDR
4,SLXNKZ
4,7YQ7PQ
4,VN5G26
2,0DCNK2
2,3FJF87
2,UURQBE
2,7JJ11U
2,EZX0PE
2,BQTI66
2,GVRJ2S
2,I8BMWS
2,6W49V8
2,0YJ18A
2,R2TMMV
2,TK0VK4
2,UT40GK
3,MWRFIO
2,B4CTBE
2,S6HY1O
4,EEUZF3
4,1Q2BGO
5,HUIE8X
5,YBLGCD
1,DUXOPA
1,56JX8L
1,H94E5O
3,RE7GS6
3,4U3EQU
1,K08C45
1,O4G1BM
2,KXAMIE
2,93NS2I
1,9GFGAC
1,138ECG
1,C02MEI
1,HH0TCI
1,4FDPZX
1,KTCSQV
1,C200FJ
1,4GMVM9
1,42HP5A
1,I6PN4N
1,XM3M7L
1,XD7OB9
1,I2PJHN
1,3J8LG2
1,490W29
1,S397P4
1,G3AB1D
1,7ZYX0L
1,9D2QHL
1,BZ4BD8
1,P0QB9Z
1,RBIQKT
1,0QCO9S
1,6BRUMD
1,YG7618
3,7PYH37
3,H6TPMI
1,4YH74D
1,ZYGEQS
4,SS0KW9
3,908UFW
3,5E4I5U
1,C86OYH
1,W3CD4Z
4,71OBFR
4,UJJWLB
4,37UG88
4,4AYBLN
4,S2RA69
1,8WM5ZF
1,KF47EG
1,CSRUX2
1,7WFDEU
1,1ITQXW
1,MROSTO
1,9ZCD22
1,GOZ6SQ
1,D88UIP
1,2ZJY5W
1,BYNMN2
1,4S36KA
1,ZHB947
1,VM91QM
1,DHVMTF
1,UKW12K
1,UNPWBB
1,TVZTP9
1,LMYV1I
1,OBPL0V
1,SP710R
3,JE55BN
3,LZDZTC
3,BLBSJ9
1,NS1UFC
1,T8V8LZ
1,J4DTTD
1,C4UAGM
1,DBWHU5
1,4WPB7J
1,AT4JI8
1,ERW63V
1,EH1WHY
1,QTNNXJ
1,FVMMRL
1,JRSWEK
1,C9NOAU
1,0UIH0I
1,CEMCUV
1,41JC4F
1,HY3VC1
1,BZZ256
1,4GHIRM
1,GY5BP9
1,YEOIGY
1,RXERLQ
1,LWY3KJ
1,OHN72G
1,W5GTAN
2,VKIPN7
2,SJJI89
1,GYGHVN
1,8WJ6TI
1,Z1PG1H
1,4A6E45
1,EVHIKA
1,VBOMUF
1,1IK5OA
1,F4Y05Z
1,HAULYF
1,O1AJQU
1,P9QUAF
1,FYGO7F
1,8WXPOB
1,AYSCYG
1,EUPWWA
1,LL1CVH
1,9R6XLJ
1,BQ9O8I
1,ZT44AM
2,6ZLPMX
2,3RLRFZ
1,TNRDM1
1,U9GG1E
2,VJRHDS
2,U69RUZ
1,128P3R
1,Z96U7D
1,6789BQ
1,FN3XEN
2,5SLZ9L
2,VNW6KC
2,QHA0KO
2,GPUX5I
2,8L8CHI
2,THPHE0
2,P9YPCA
2,6RCHT9
2,TD74JF
2,6FPHOF
1,B21UWA
1,MF84JO
1,6OB41N
1,J9QJCK
2,JWAOWQ
2,N9AKKY
2,BPCX24
2,FK0D9G
2,Q639D5
2,BAQ2TM
2,ISDKWW
2,DA3HLL
2,AGGFDX
2,J14O9V
1,BK0BXA
1,QO8CU1
2,7UO7LI
2,Z5RLBT
1,9A5QU8
1,RFP8QJ
1,27DHD4
1,SRMTRQ
1,H8WDJY
1,F2H2TK
1,Q3E4B5
1,N1YT80
1,CX0B3J
1,T0MKRQ
1,QBYX81
1,0ITSAK
1,C3DDVT
1,I4QRZM
1,S81JNQ
1,DXPAML
1,TKWBNU
1,CPVVCG
1,GHNWTM
1,0BI2U0
1,BUWYVC
1,91VOWD
1,WXLY14
1,AB8AMK
1,AMBC4H
1,17L13R
1,HZX192
1,7K1RJR
1,0HHC2S
1,AK9L3S
1,EV2O6Q
1,2AOBWM
1,Q0JPIO
1,V0WHCX
1,71M6EI
1,LJV07G
1,NS7MR7
3,N5UWHK
3,06DLVP
2,5TUVNB
1,TQXIEG
1,V8YBCN
2,IV2QRF
1,J4XB44
1,T2VI4A
1,C8SWPA
1,JYX3X4
1,VF4CO7
1,5Y3Y4A
1,YEOFI5
1,RUWYTI
1,DAJT3O
1,1Z2PPD
1,TGS6IL
1,DHE2AY
1,78JLEW
1,21CTP6
1,CK2DG5
1,2LIO47
2,BWRINU
2,DPNBQR
1,PIERDZ
3,3MW229
3,8SJZM7
3,PMIOIE
3,IJ46KZ
4,CL155T
4,95SN8X
5,KUIBGJ
5,O3RDT4
3,55RF1C
1,XVKC0S
1,O2HL2T
1,F5CSEX
1,F87HFG
1,MKNBJO
6,1TZMMD
6,9BXFA7
5,H410EG
5,YPFPTF
5,MPFYWO
5,CF4KKT
5,LTFEOO
5,MWFC1M
4,8IDSVJ
4,223299
3,VO1277
3,HBKPWX
4,74ILWJ
4,G4X14I
4,GQ8OB7
4,HS3U1N
3,9IYIN3
3,VKRHA1
1,AERVD8
1,15B5Q0
1,E01MW2
1,E8KY7A
2,UN3DVO
3,50NFWX
1,9PLNZJ
1,W99BIE
2,4NKATK
2,ZMXRDA
1,GK3UNJ
1,CDQO3G
3,A4PXQG
3,UIGZXI
3,6LKGHJ
3,39MHZB
3,AZOXNE
3,CMKGWS
3,TDOCB3
3,KO8VDJ
3,Z313HN
1,MS1FTE
1,WTWSZX
1,U0U7BX
1,U3A2FR
1,4X1K03
1,JEY5XH
1,CRN16H
1,90IQEB
1,GOXCCX
1,O9VUEH
2,JDGM0P
2,5QO7JL
2,195APV
2,7KP7H8
1,BUS4RC
1,H97TX4
1,UW7ZF4
1,NI4QOR
1,O3MN9V
1,GGUVNL
1,OROXFJ
1,PKJ0NO
1,GNXYA8
1,MMM79N
1,YWWDZR
1,6V30FF
3,SFW6IH
3,4KU1C7
1,UKWVU4
1,Z4TRI6
1,GMPHRX
1,7QVXF3
1,WL36IE
1,1OSVTF
1,ULTKND
1,SVF8QE
1,NF2S1G
1,CIZG0R
1,SP6J0V
1,3NPFL2
1,JYU3FF
1,AAJM5X
1,GFP61T
1,RSQA96
2,GM9ZTS
2,Y3FYN1
1,ATDUK5
1,47YFJI
1,LNL1CG
1,5MPJIB
1,OEZD4E
1,3JVL26
1,KPQUYT
1,PZEWME
1,YGRFZA
1,BMLNC4
1,MYLGPJ
1,1UWXEY
1,O9YGA4
1,DMUXQ9
1,I10T7O
1,SH70GY
1,RCITN4
1,HNBRIP
1,6HQ0AO
1,N60FWP
1,J6KYP4
1,DXLXKF
1,NIJQZI
1,XOI2ZG
1,I6UOQN
1,GSHTO1
1,39OKE3
1,E4VAKX
1,I6STPZ
1,YZ80IP
1,LWHWPK
1,A1YLJX
1,GRBZKH
1,5U05Y8
1,WAK336
1,P7DB97
1,342SLQ
1,CMZAJA
3,BGGPPH
2,PVQ82P
1,U4PW1T
1,W1PCSU
1,J4I9Y2
1,2C2N9A
1,ORG70S
1,FBPCOA
1,Q0J31H
1,B1WABX
1,PODIVY
1,CQOCZJ
1,47VMND
1,UGF9BL
1,I4KHYE
1,HU5H7P
1,AJCNAV
1,QNWWDJ
1,CPG3ER
1,8JZ8HH
1,OJS0BO
1,1ZTZYD
3,VYL3LP
3,BH8G7P
1,O89MYC
1,K8KNP2
3,UNZDG8
3,CZPE75
1,WRKIHK
1,QUMX7R
1,I8GJJW
1,BSDMOP
2,UHINWP
2,C1ECTX
2,9GA8VL
1,PTQKP1
1,9HB0YG
1,MPSF8N
1,XXH8U8
1,3AYNVT
1,1GJR3O
1,3X4VDX
1,UOX4EK
1,MLSPYM
1,EWAWZN
1,0I11KI
1,JRLB8I
1,RDWMWA
2,0ZRMAK
2,ENAESS
3,3ZT0G1
3,RWEZIR
1,B17ARA
1,GXF362
1,K9AGWA
1,CCR1OL
4,O92UGU
4,FTEYU1
2,2CH1PD
2,99ZFDH
1,S4SDQQ
1,8G4B0B
1,B8F4V1
1,8PUX7Y
1,55R5L6
1,RME7W0
1,W67GAS
1,OUFVY5
1,F78ZR8
1,U5DVGI
1,24Z6EI
1,FPVUU2
1,UYC5NC
1,L653NO
1,FY4273
1,KF90LN
1,O4694T
3,OEI4LI
3,MTO6HT
1,FS14RR
1,EQJ7NX
1,5R6FG3
1,W2G39Q
1,62RBNL
1,BPB5JW
1,K5OEGL
1,RVUQQS
1,4ONPPJ
1,DNMCDI
1,4MBEPH
1,3RNMTL
1,OD55W1
1,9XMUX9
1,9O3WP1
1,SPZYB7
2,15R4KH
2,OCCHYV
2,532BPY
2,PNZANU
1,EHCCUU
1,XT5YB3
1,YOUC8E
1,XADCZP
1,FKAXA5
1,59DKJW
1,3EVNSK
1,PLZP8R
1,LL2ZXU
1,6IXWPK
1,7MXECS
1,NCFW7W
1,TC1GDC
1,6FC2P4
1,D0NQHS
1,226D2H
2,G7BFJ6
2,TNSQ2P
2,VFI609
2,S5WJZM
1,VHW9P9
1,WCSHIR
2,UJVQQR
2,EN5AC5
1,8H81VY
1,0I8I99
1,DUYKK1
1,QQGNNM
1,Y7FVNZ
1,BB0BJE
1,R310VM
1,0NEA8Z
1,NN23ZW
1,6RIPGU
1,D6KW50
1,IBHZPC
3,4HVYH1
3,D7GX57
2,RN5OUQ
2,P7HJPL
1,OIUYZL
1,VBK7AT
1,E5SVFL
1,IZTES6
1,ER1LHJ
1,20JMJ0
1,PZN6JY
1,8AXOTW
1,91P2OD
1,SONKY2
1,FBTS7S
1,YZ0YTN
1,MRZC2J
1,34DP0B
1,Q9R801
1,1JJ8B3
1,362DCQ
1,P3BULO
1,EYI2PJ
1,XWIHIB
1,GHYWDF
1,0NUFJ5
1,DEX0X1
1,GMCSS5
1,B12KQJ
1,00TCBD
1,LBWEJS
1,G6F953
2,EW7Y7M
2,1HTK8U
1,AJFY62
1,21B0OA
1,11VAEV
1,7RU0UY
1,FE7KGY
1,OZEAPG
1,WFM2IN
1,OGE57C
1,GSP9PC
1,E0RDVR
1,WHMKXK
1,8ZHZNM
2,9EGFSJ
1,5VGJ1X
1,ODU8B1
1,UNZ121
1,YRP9L3
1,8BAZXN
1,2RU1VK
1,BS8GQP
1,VMILGU
1,Z809L8
1,YW3MDM
1,9JPCOA
2,4J6US7
1,D5M754
2,MH2TGO
2,6R4SC5
2,AWOMEJ
2,JGHSFA
1,SO4TI9
1,I6O3C2
2,PNJFUJ
1,GYZYZS
1,IYAD81
1,C2S9C3
1,8BPX82
1,301NUN
1,Z3QMSI
2,WJWM6B
2,TY4WSQ
1,RCNFHC
1,UIQ5HW
1,UCQ87O
1,YVXH4T
1,IVIBV1
1,EMNZY8
1,CH2RJ6
1,OP4GLY
1,WVM920
1,GDA4GV
1,F55KMG
1,JX11ZY
1,CRQXST
1,IN6YG1
1,BXKIEA
1,ZXFVH4
1,QFYC6Y
3,7CES4T
3,EF71ZX
1,E7MP8Z
1,6LB03K
2,UFH3MD
1,R492XY
1,3BYCXG
1,SYY3QC
1,38Q90Q
6,LYEIA6
6,DJ3ES7
1,B3KZYI
1,XBFU7E
2,9Y9GYB
2,FT7ARH
5,KSUQBZ
5,BUZAA3
2,EOWKJX
2,XLT4L8
5,IPSEOQ
5,A9F777
5,GFKKUP
5,L3SOET
5,YT701R
5,97S8TS
5,WD4FNN
5,J25EGQ
5,0SV6WG
5,XPIPJV
5,HDDX31
5,BGC4LR
5,H7LX92
5,T6WBT6
1,OM53VF
1,GX6HW7
1,Q1OKM5
1,67NATQ
1,KDXBH3
1,FJV6BB
2,8SUROO
2,HCIK6L
2,YN4JUE
2,0GZG4D
3,2GELXH
3,3FPHVN
3,Q6NTFZ
3,7GT6N4
1,PV3WF3
1,E7ONP1
3,DENFHV
2,34F8G9
2,6OP3JM
3,84YC8R
3,HW1UY0
1,70GUF3
1,LQ5MZO
3,0GMZ8C
3,TKMZIC
1,028HZW
1,PS2G5M
2,Q12NFR
2,LTJVCT
2,1A9JZO
2,C5DCYE
2,A934FV
2,HX9QED
2,AFOC2Z
1,SVNBPP
1,MG9T7T
2,FJLP56
2,D2KHC6
1,7CTX21
1,PXMFRY
1,7MF8W4
3,0PV1CN
3,5PHOF4
1,0L6QGQ
1,FYV7MY
1,DDU7VP
3,KX3PWO
1,NT6IE1
3,CPC7M1
2,G5PNVZ
2,1TPSFB
1,LB7X74
1,B6J2W8
1,2ESKG0
1,J6MAR4
2,OAELHJ
2,0JWU1L
1,ZGQ12G
1,EBC86X
2,PPI7WA
2,HNK3NN
1,AM3UFH
1,E0706S
1,Z4DR87
1,TGT3RV
2,0REKYW
2,IZEZRG
2,XQYWW7
2,0QKS6I
1,BNTKUU
1,YNIW2X
1,E36JOA
1,CO900H
4,EVP3XG
4,AC2CBF
4,DDIU80
1,FNR2SF
1,L28NMY
1,HVGQ71
1,DNJC29
1,TMZCQ5
1,7I5TVY
1,B593GB
1,RS3148
1,KJ3B3K
1,4QHAZH
1,2WMGV7
1,RCIJT9
1,ZTJ8MC
1,D97WMD
1,VIOSAH
1,M3C651
1,C3EKJB
1,JSLH9K
1,F7W06Q
1,IZPI7K
1,8OQ3X8
1,8ZR2R9
1,CCW6B7
1,EW78VH
1,W3Z10I
3,QDEBBT
3,98HWQD
1,IZ5QWM
1,3HFICV
1,BJHWPQ
1,D7N6QE
1,FOO5EP
1,UOR4P7
1,CE0FYP
1,DW34CR
1,VD4GHQ
1,M2WSRT
3,LXXJAV
3,UK483S
2,HHCCF7
2,RWUSBE
1,DLFL6L
1,6OFR85
3,8B5XQJ
3,6N8JGI
1,UN4YBH
1,ZZ9UQP
1,2T02MO
1,U0RFJW
2,85NYF9
2,1OKHBI
2,P2QWS2
2,810ID1
1,FKG47U
1,ZCEKRL
1,Z7B8XL
1,Z0AQCJ
1,B7HM9G
1,BAWF7A
1,ZG4HQ9
1,IXFCCM
1,LZSN26
1,UGZER2
1,4TN4Z5
1,Q4FIFD
2,XR3CJQ
2,5AWMOO
1,Z2CAN9
1,BBL1W2
1,FPBMQS
1,6FXQDL
1,CP15SO
1,WTNGLU
1,HG6RIM
1,UAX6DF
1,X48KQC
1,873I8D
1,ZIU5E4
1,DU1RQ9
1,KHVDG4
1,4Z65O9
1,9WNYZY
1,DOOAQD
1,CCAWDX
1,43H7LW
1,06528U
1,SFE3M2
1,P9H9ND
1,GN9BWV
1,PHTZQX
1,CHAIHB
1,L2TJOI
1,NFVTPY
1,5Q1WII
1,QL9E6V
1,QA9IE1
1,Q6JSYN
1,NIB2V2
1,OJUT4K
1,WXUBHR
1,LBX13Z
1,PK2JES
1,5WYOBR
1,O0PI92
1,E4E83S
1,HAXG8F
1,VLUQW1
1,V3943U
1,MYT3AV
1,F3RMFU
1,VHRD4K
1,DQK4TN
1,5OVIIG
1,2LBE2C
1,UUPUR7
1,UQN5YT
1,A68H1O
1,QJSA9W
1,UQXMMJ
1,HBZX1X
1,QP1VXI
1,6X9Y4S
1,HEZ6C2
1,BKH3EY
1,95CYR2
1,T9TLOA
1,7NK28Z
1,W3IM0B
1,87OFPS
1,P5884Z
1,GBQW50
1,EQKLWK
1,0AVPXE
1,M974HV
1,X8XM8C
1,3OS49D
1,G121SI
1,PTYYI4
1,KXLBL6
1,QFA8JM
1,V2K6YT
1,1XNEKB
1,6UHAI8
1,ANPSE7
1,X5XWY6
1,HP5PPW
1,V01BZ3
1,EQCSD0
1,9AUEDV
1,90C68T
1,GTHJGO
2,JB4OHE
2,H20VB5
2,FAYN0S
2,79094W
2,VTND83
2,PXRGRM
1,TXFQR2
1,K1PT3S
1,L81LWX
1,WHG32A
2,OLAB9D
2,TTVBHK
1,1KF4MP
1,EN45YC
2,PXJCZD
2,3IMN54
2,Z6IPFA
2,9AL6V4
2,46XVPZ
2,CVBOPP
2,5A9O8U
2,7K6D1H
3,J6TLYI
3,BO8RQ7
3,FZOFK9
3,C97L4S
3,3K1X6I
2,GQJQ47
2,LSUN7C
1,6U5ZIT
1,8G1HD9
1,WT5440
1,HHLN6X
1,D7IMXN
1,H6N4NY
1,03CLDR
1,FS21JP
1,9K8HGP
1,DM9V8O
1,CG3VGY
1,WPLVN6
1,8UL9A7
1,YNL7UD
1,PTX5XP
1,6OYS5F
1,IOBATH
1,RR4U5O
1,473Z7Y
1,EURFHX
1,V8IFP3
1,IZ3CGT
1,O379O7
1,W2I1QO
1,W5GEHJ
1,H6Y4SK
1,2CO5J5
1,4GO0U0
1,ANHPJJ
1,G5CCY8
1,CGJ4V8
1,NIQ5NF
1,99R5EL
1,AY6FVX
1,VA0BKZ
1,NFLHKX
1,8SVKV0
1,E3GJ52
1,Q6YFSW
1,0RCW67
1,R5DPMD
1,8QWMWU
1,AGVITY
1,C7GCOU
1,RKCMI2
1,606HYJ
1,7UIP3B
1,BHYXUO
1,GNXA3U
1,PQE2RU
1,LG85WP
1,LRW8AG
1,BGQUWY
1,LLP6V8
1,FPNA90
1,B1NLCF
1,YANU7I
1,42A7P2
1,5V6E16
1,VBPKCL
1,QHW1H1
1,Q307NJ
1,UFUD62
1,6ZR55H
1,71C26R
1,NSYQJY
1,OY0E91
1,28JI0H
1,1BUEBA
1,7FBNZ2
1,02KRFD
1,42F20E
1,JMI5PE
1,S87MUR
1,DEHAVM
1,99XOX1
1,GY33TI
1,IF6V7B
1,IHN2I1
1,8GJCOU
1,P4WB8G
1,ZFDZQR
1,R3X1NY
1,Y50LN2
1,03P5SM
1,1UADW0
1,V77JUW
1,OCZZOL
1,JXRAYQ
1,MJX7A1
1,NLIXMR
1,9SUR2C
1,XK180X
1,4YJQ9P
1,K6O14L
1,YDSP9P
1,LKGCBR
1,41893B
1,YT18AD
1,KX5BW3
1,7PUTMG
1,QRRWYX
1,6WPIND
1,OKSIJH
1,W0BM92
1,D5BWGO
1,6BN5O5
1,9L1VCC
1,ZFL2GD
1,QKX7SE
1,UWDE0F
1,SV71EK
1,2S8ESN
1,20AF3P
1,N69AYW
1,22S16Q
1,33AOE1
2,IOTURX
2,KH39YV
3,3INWDM
3,XI65B9
3,8DGBRS
3,RF09D3
5,KJD9V7
5,Y3DIAU
3,VU4QSS
3,C6BNZ5
3,5GFJAP
3,D4EHYP
3,7K29X2
3,NK6R21
1,OJBFYA
1,NDT139
3,LVDD8D
3,8SZI6O
1,X8E7XA
1,G4JBYQ
1,W7EG4F
1,FTVPWU
2,CDP78G
2,EZ3KJW
1,TB6724
1,ICSKZF
1,PWODI1
1,SLAMU3
1,Q29WLK
1,SYYCL0
1,OJXVDC
1,ECQ4WV
1,E0OETN
1,QFJHL6
1,IKOMUU
1,HO9WM2
1,V3F85R
1,1FAYTB
1,Y4DXI2
1,JSA2UC
1,TNC1RG
1,TLOGDR
1,N4ZYWV
1,7JT8JN
1,XVIZDP
1,KM39OV
1,4EN3Y8
1,MBXR1H
1,UQTJ3H
1,98BV8H
1,VFBUB5
1,JYZ6UT
1,KVVBUV
1,DBNOA0
1,FAD6NE
1,N7RGWN
1,OLR2BD
1,MRR6SH
1,LX3DFX
1,4I0MIP
1,JS40Q6
1,7PNOYK
1,31Y1G7
2,SDEI63
2,IR1H6V
2,EY4CFX
2,65F9ZT
1,0H6ZRQ
1,6L2USV
3,B6N28V
3,8QPHX7
3,VLPPGT
1,Z3CXZV
1,LVPFH2
3,3XPXDB
3,0QUDXJ
3,W6IY5H
3,V9BPXI
1,ON8Y9L
1,I6WVQV
1,VA7MPK
1,DQ0TWB
1,WXXSLH
1,YM58Z2
4,1RX9MJ
4,JURF7L
4,A0DB5K
4,H88GL5
2,CPNM41
2,RRCZDY
1,0LVC2V
1,HIAFHY
1,NX3ZE4
1,CQLJ3O
1,MYVCGT
1,OFA8T4
1,RRDH27
1,Z8PURI
1,ZNJMR9
1,5X35LY
1,EGLZXB
1,RGZCJJ
1,KN8314
1,IJ85X3
1,72O96T
1,O2GMQZ
1,7Y9Z6R
1,NYWND5
1,EPLIYN
1,GIEZ1O
1,K567JD
1,6OVGG6
1,IYKH91
1,LBGS3R
1,6IHIXA
1,O0UG0F
1,97FO5V
1,0ZLVCM
2,W2JZ2W
2,330WKO
1,EMUKV8
1,I1RD75
1,2PISXV
1,GN52OW
1,C165CK
1,9LEFN5
2,HGGNZO
2,KC3R9B
1,EQH4SI
1,JNNXRJ
2,7247LC
2,TZCUYW
3,U08TQS
3,QJKQ88
2,SFUL1I
2,VE1TYA
3,BI2HPH
3,LB7RRA
3,72F7BG
3,RZ2RB7
2,WATM2K
2,COR5QZ
2,7WR9NJ
2,S8J93V
2,E5K2GR
2,U524C5
1,CIFVPE
1,BPUMGQ
3,1IU5G6
3,QQD8BD
3,EIN4JN
3,1Q0UYY
3,5PQNLP
1,PS3XKI
1,LUJYJH
1,JA7616
1,HRYCU9
1,EI2LAY
1,6H6W2V
1,8WIME6
1,0NNZKO
1,5AMS26
1,0NC4AI
2,O6NMEA
2,BLYA0G
2,90BEN8
2,U9MMU5
2,41OVLI
1,C17EJI
1,GNMHNA
1,RG9A37
1,XUTG6X
2,01Y0Y4
2,NEQDYJ
1,I65F90
1,IRWSS5
1,V5YLUF
1,JRKCAZ
1,H57XSA
1,9YYA67
1,H26TZP
1,D4JTOA
1,JXWOPO
1,SHB1UP
1,541X6X
1,91VFVV
1,2CTWL0
1,HGYPWL
1,S5M28W
3,Q2X5GR
3,45SPT1
2,0ZSGVO
2,O37YBF
1,V4M4QF
1,HBJ2JT
1,4GZXST
1,WM91X3
1,7D2TUO
1,QPXAVS
1,PXZP0N
1,DAHXV6
1,6YQZME
1,70W2ON
1,NH9GFC
1,IEBO06
1,UVBVVH
1,ZDBSA6
3,YSCU5R
3,OBC7JM
3,YUII51
1,T435SS
1,N9FUIJ
1,ACQGHU
1,8ON3N6
1,EJGDUW
1,0BJ3ZR
1,0N1BN4
1,GAE0OO
1,3VWF5K
1,8IG9BW
1,KBRY3A
1,MS6ROJ
1,QT36V0
1,AILUI7
1,DEGIA3
1,EAJEJ4
1,THAN0T
1,DEA5I2
1,93VE5P
1,EE9JQ0
1,XDAUZ5
1,QKJ8O0
1,WXV4KI
3,UTDILI
3,10G314
3,4OXF2Z
3,5O67ZT
3,TQ8RRE
3,YUTU36
3,9EBNFZ
3,NUB5TU
1,0FY88U
1,87SF03
2,WYTU1U
2,ETHYTD
3,LVDCC7
3,AHEQRL
3,KIECA9
3,Y95ACG
3,Q2SRNN
3,PC8PTI
1,TVA2SZ
1,N6YMVY
1,VGD3GN
1,NN9CYD
2,ZGWQW6
2,CA0OPY
2,UTTIV7
2,794BU4
2,WN68BW
2,N2FQPN
2,HG7BRO
1,4ZLINL
1,KHZX6D
1,RGMMOD
1,BGVF46
1,AE5ZAF
2,FX5W9H
2,YYRU8B
2,CJ3G1W
2,NMGXA3
2,HQKPYL
2,FBWA5J
2,V2DI9V
2,QW16MM
2,Z2C5DK
2,U01UXL
1,DVC9NY
1,CQQZ3V
2,Y5LLAB
2,6D4VW7
1,XBWM1E
1,FOXK3P
1,BLKRUC
1,X3AO7W
1,BYO8BQ
1,OLQBPS
1,3WXT2R
2,M9LDKP
2,S9IQAK
1,Y37WCS
1,MNTZJ5
1,XRBXXE
1,KQJGF2
1,YW8KPE
1,MAX44K
2,EN2KV2
2,KCEMAU
2,X4RV9L
2,83JGAD
3,4OXRLY
3,ZRQYJG
2,YPGAT9
2,2PM5ZB
3,RDN0CX
3,FZHVJY
1,X8RTMD
1,Z2EPR7
1,LPB9JA
1,DEJVG7
1,BTRCV9
1,Z57UID
1,RV8OLD
1,G3PFLU
1,ZWZYIQ
1,DEEB9M
1,ADQ3Z0
1,GDGL8L
1,92ASDK
1,OULDD6
1,LE3MA0
1,SLYEKZ
1,CW73PD
1,ZNE4B2
1,OYTYGS
1,Y4CIEH
1,LVHZS7
1,FMNQ6D
1,4U1FXN
1,SN8MJZ
1,38NSL9
1,SLWVFB
1,EA5GKT
1,59MATL
1,75YNY0
1,MSX2XV
1,JWVVLH
1,FFBHFE
1,45U6TU
1,NUSHTA
1,W6NG2O
1,06VTUX
1,4EQB7P
1,UL99BE
1,H4DF6Q
1,DNE47F
1,1Z5MHZ
1,Q39NBH
1,75HZPM
1,HXQL9Y
1,0HB2BN
1,RK949P
1,7WMFB3
1,GTOEQK
1,U8ZERG
1,8KZ6GJ
1,740KY4
1,0VIV6R
1,BBDYK0
1,NNOGVN
1,FHV7QM
1,A3B087
1,4T7A7V
1,GGJVWD
1,MZT67H
1,PD6EC1
1,0DTGTV
1,SCOWI0
1,NEJF6X
1,LU19YG
6,WB9RDH
6,NV35ZG
7,GEE8RB
7,0BXOJB
9,WXBZQW
9,BX99JP
7,AT9CQW
7,QB78P4
8,687BAG
8,SGJMJR
5,2PO8KW
5,AXT6EY
7,7X32QY
7,VA95CH
7,0VCAE4
7,VZJ5RY
7,7K3IKD
7,ICI97T
8,T4J5G9
8,03IVI3
7,ISTRRE
7,YDBOQW
7,ZUZUJ9
6,LEI5SN
6,O0FHNZ
9,RW3DAH
9,62GDIV
7,GB79U1
7,UPV33L
8,AC53RE
8,RP2DZU
5,KZI7GY
5,NGHW31
9,5K4HLF
9,QMIVZS
9,FBRWUV
9,AK5Q7Q
9,H5BZ4M
5,O7V2UZ
5,R34TN1
9,XE17DG
9,83ARQZ
9,KGPXMT
6,7MYC91
6,ZBUXJN
7,X25IBF
7,FPH4QO
6,UK4ES4
6,2SNG27
6,ZQ4PUV
6,518H8H
6,SAT30G
8,I1XXXH
8,IJ8C1O
7,AY54BY
7,33G9N0
8,BP9SIK
8,Z1IULJ
8,REE2SK
8,BGOHOP
7,1EAEUU
7,LXXLKO
6,FA99A4
6,BEP1ZG
7,8MJG07
7,UET3NJ
8,8RQYQL
8,JNUN0Q
6,QP4P80
6,DTSF19
6,D42Z3O
6,HVUNLB
6,RKESK8
6,6MUFGD
9,DZJ1WY
9,4G06YW
5,1X8BRN
5,5A5S30
8,7IN57W
8,CTOJYJ
9,4A3JFX
9,4M90T9
7,6JA1J2
7,B4GVRQ
2,SB084T
2,DVWBMZ
5,BPS96O
5,PEZLRW
2,Z4OTHX
2,1QHHT0
2,XPC6UL
2,42HH2V
2,0XR7JC
2,V8Y5T9
4,KJ8X05
4,HV0OYE
4,S7CXLI
4,9CY86I
2,5PP4FH
2,MP9THI
2,VTERJ9
2,7C3G98
5,5HOSKS
5,ESFTFR
2,2MHKM1
2,OP1VYB
4,LQB546
4,XMLC96
5,NOMTCL
5,LMK6UK
2,F9LWCM
2,W063FM
5,LE7XVB
5,43XDLW
2,X24Y93
5,7614DL
5,ZUN2XN
5,SVRJ2H
5,YMV7H1
5,0DKAMS
5,CIG6YG
5,1QCP3O
4,VGA1VN
4,VTFDO8
4,G237MM
4,15PK7B
7,74Q5K3
7,XZUVMS
2,F0R7ES
2,UJEMGN
2,DGD9NC
2,7OPPHG
2,TWHS4T
2,XANSA7
6,7YAPG8
6,TPHFU9
2,6AQLJA
2,9BF4UA
2,V3EFW2
2,ODREE0
2,EZXVMM
2,55507V
4,UR2FFV
4,L0X9IG
4,SDSFVK
3,8FAO46
3,DYT4YO
3,8OLOGT
3,WSWIW2
3,T7D2RY
3,GN52CO
4,F6SFV4
4,E4QKPO
4,6CG7RZ
6,JJ8PW7
6,9ZTS1C
4,651N7F
4,C9ON3B
4,GTQEY3
4,F8BHTA
4,THPLLX
4,V1B3Q9
4,QMM3RH
6,WK6CR4
6,1LX6FS
4,0GJZV9
4,8IWI1B
7,58GQRE
7,0P22BA
7,0KOZEN
7,Z9XBLB
3,XUOFQX
3,KK8TLE
9,QY70JW
9,EC0GTW
6,VDRUQG
6,5MM8K3
8,U98Z4P
8,62ZZK9
5,M845GE
5,5RDY6K
7,OMG5OU
7,YPWVHA
9,6IHR3H
9,RC492V
5,JB3ENZ
5,VT4JEW
4,6W08KM
4,P01Y9G
4,B09AS1
4,IOIGI5
5,1CO764
8,JWZXTS
8,GDYRYI
7,XSZESH
7,8K4C7E
9,TVKHF5
9,FC22Z4
4,3CRNRN
4,F1RRYP
4,13GKTH
8,G9PANG
8,ENVB1A
6,7L9KGG
6,ALJ84Z
2,CAI7D2
2,587G4E
2,T77VA1
2,7G6EUS
6,61T1F3
6,HN8VU9
9,QF9303
9,EHGKH8
5,VERMEF
5,M42VAF
6,XHFKC6
6,J6ZRFB
6,40D4ZP
6,K2D13X
6,MV2YO1
8,6LXY89
8,AL2NNZ
5,IQ8MR0
5,MOFDMK
5,0V4GJQ
5,LY5DP9
9,S4UWE6
9,XKJOCU
5,U9LJK2
5,ZGJ6HR
5,UQOM0Y
5,D2SCE6
5,02EF9G
5,VFC1WL
8,IHC42M
8,D46RXX
5,6D62U4
5,0N4A6Q
6,GZKV4G
6,G2J8O0
5,TLWWWX
5,YWWZW4
5,9Q8SQA
5,ZKYHVX
5,PQMAJE
5,REWPJB
6,ZGE59C
6,90RLF0
8,XNLV7J
8,PJIUO5
8,A58FKP
8,G8Q9S6
7,SLQW2U
7,NU4HEK
8,WDWMYO
8,TXAW8R
6,P0I925
6,Y0K1O9
6,0UNYEL
6,XL8DQ5
6,TQNOIW
6,U1H8OA
7,YARO7R
7,QNI6BK
7,08AVQD
8,P48J76
8,AXIOUV
8,6C2U2X
8,MQTEL9
3,K4FJXR
3,I8P8Z9
3,MWXL1Q
3,7KOKR7
5,1HOC1M
5,JSTJ2N
5,8M0UVW
5,TG8XB8
7,II3WTS
7,65RZ83
5,JH5L2X
3,6W9VE2
3,U1WQUB
3,B1P87C
3,EJJ0FO
3,VONY59
3,2059I8
3,M0FG0T
8,LME0XC
8,SN1CDP
3,P6W80C
3,OTOO9I
3,L0N2Y0
3,2REB0S
3,6FZ7PQ
3,95FQ9S
7,HBN94E
7,XIS9I7
8,WGZ15X
7,O8QAEI
7,G1MENB
4,YMFF6M
7,A86G8T
5,VWE4JF
5,XGOBJ6
4,JH0KXD
5,SQK4DO
5,4GDBPS
5,YYM601
5,VK1V5H
4,U5RP2P
4,IOFWGB
2,XJQT3N
2,OX60N0
8,UE1ZJA
8,B7RLH8
5,JYWUHL
5,KXKGJF
6,LPN67N
6,SMUZ07
5,BC7GR8
5,XQG0E7
6,T2SG50
6,DC0JYA
6,VO19T2
4,MXYU88
4,K50JR9
6,GRCU67
6,W9SY90
5,RCH2QE
4,FMZYL2
1,4OPW7P
5,NAEWNK
1,TBLN52
5,SIUXR7
3,AVOR8C
3,BJPGU8
1,YRAGP1
1,H8DWA2
1,EWG6UZ
1,LBTQPJ
2,LFUELX
2,MZGAZL
1,GSQ9XX
1,OKZ96G
1,P12ZWT
1,1CHUK0
1,DMXTGU
1,NXTMQJ
1,L9LC57
1,FSH7D5
1,PWY5BI
1,692I07
2,XLEZ0V
2,PYSA97
1,FIJBXQ
1,C8DQ4W
1,W1Y6MT
1,LSKGYD
1,1RADLX
1,8PZ0E8
2,AGOCKM
2,3CU52B
1,EVJOMY
1,UF1E4S
1,34USOQ
1,EE27N1
1,Q4IUAM
3,1MKJBX
2,SS6RW7
2,MU0ZIX
2,RH0OU6
5,3BBWMD
5,MZ8LT3
5,AQMYUH
5,0PKJH7
2,IQ9QRF
2,ZVKZ8O
2,DRWFWS
2,ELPYAX
3,71I2FX
3,33WX2S
2,A4XBQI
2,HSAG05
3,MJXG7C
3,U1WQTH
2,RD5VUC
2,Q5OCNP
1,2PBP3G
1,602CH0
3,SQI7F7
3,E36UQR
1,T3T1D3
1,66LE1U
1,75DQP1
1,4LNP4Z
1,C6EHBS
1,HLKPLT
4,ABDDGA
4,RWLUO7
1,4HBT1S
1,XDCES7
3,IDURJ8
3,0PF34G
3,H87TSN
3,N9YW82
1,3MQY0Z
1,S2BJHG
1,QOZSMN
1,7H103U
1,XRUBGM
1,7DE7QB
3,VMYHMC
3,5U0I0V
3,VCB71U
3,WJDW7V
3,9V217W
3,NJHOST
2,UCXQLR
2,8TX81B
1,E56UOI
1,YNL19J
2,8NZL8F
2,52V1G8
1,KU7WJW
1,93JQ6S
2,YLT6AU
2,X7DV3U
1,YSH23R
1,IANB6V
1,5E728Q
1,VCH7QF
2,ZB16E7
2,VBYNGF
2,8NDZ1H
2,HN6OZQ
1,EDAC1G
1,UKJW2Z
5,MCN5PO
5,J6R3H7
5,6WIRT3
5,MVJ50J
1,FC1AJZ
1,Z8BRG9
5,3IA1PG
5,Z47XTI
1,T20VGV
1,K1ET69
3,13Y5HX
1,WSL0WG
1,OKL6SG
2,FYQBYI
2,J6HJKF
2,ALFRSH
2,2V832N
1,K92Q98
1,BR41NO
2,DHSWDN
2,K2UTEA
1,XBQV9L
1,UP37DA
1,IY6LL3
1,WZPR8C
7,GZGOAO
7,TC635O
6,9YEH5P
6,NMTL9N
6,Z3P6QV
6,C4F503
7,JWQAZ3
7,Q0G4OE
5,Y0AFG5
5,SPI7WX
5,00SY0A
5,KN2LY7
1,P22AVX
1,L0ULHY
1,NY3BAX
1,MHUC8Z
2,2FK2UN
2,69B148
1,FZCSHX
1,K5UT9O
6,S3WXLK
6,GY891K
3,Q7JYG3
3,5E818D
4,QWNHLT
4,5H8G21
1,267I18
1,3CQPA0
2,Z295CE
2,LYWI2A
2,JR670F
2,U9RS04
3,OD4G93
3,TKA8TL
4,9P8W5S
4,Z587YG
1,0U931W
1,EKXQ5Z
1,ON89CJ
1,MJXWGZ
1,YR1VYY
1,3NBAZM
1,I2VAN9
1,7P3H8S
1,FYMXTJ
1,ZVOLKI
1,NO3EOT
1,IL8JDN
1,4L1377
1,ZCCZ20
1,ZG1DC9
1,1B63FT
1,1PKIV0
1,XKUIZD
1,Z7E88V
1,OXF8HZ
2,E48W2K
2,NOVLD5
1,CL8QJX
1,4FWR6Y
1,VS3WNH
1,DO8Q2T
1,LFVPAV
1,ARWFNQ
1,HJ1D3D
1,2743ZB
1,R5B54C
1,Z5FAY6
1,A1Y95X
1,IGNGL7
1,R4NUXD
1,SG2R7J
1,ZI1A8C
1,E2EIXP
1,0KFVV4
1,HPMSOU
1,88HB20
1,2TWKYS
1,TZGMD5
1,RXSVRE
1,SM8DFD
1,S9ZT0R
1,0TYDSS
1,8GTOJE
1,3AWS2V
1,HN0JAC
1,RXZW36
1,UW9827
1,QEHH5J
1,R67XK2
1,W9U2JZ
1,HJOPCJ
1,5SOBX0
1,RG6WD6
1,8BQERM
1,RUUVKF
1,NE9ARC
1,38A9W8
1,CAEWZG
1,Z4NVG7
1,F6MYPE
1,AQFZWX
1,MU1GIJ
1,WRQ7K2
1,OUDFNL
1,YJMASS
1,PYYHGA
1,8DZ0VZ
1,5P6OD2
1,NSIHB0
3,RDMYQX
3,BWDJAO
1,RIQM85
1,BUW756
1,2XF5IE
1,NNGP2R
4,ANSUE7
4,XI668P
3,EK43X2
3,L3845Q
3,RO6OI1
3,KEE8EG
1,4K7HO5
1,JTHMU3
1,4T7OC7
1,EUDO4P
1,PJ43L1
1,81R6VU
1,WYYQ7Z
1,UZNNKC
2,YJLK0I
2,ORZLZ0
1,4T6UQV
1,LOMSAK
2,PNVQQR
2,VI90J1
1,LGKIQ0
2,5HW1LN
2,7VQH1F
1,LKSVEI
5,S8XMUW
5,RGDH1R
5,0Z923C
5,1CIWA9
5,ENTLDS
5,DV6FPZ
5,ECHULD
5,BBZ8XP
2,XXAENL
2,7FHVMO
3,FI5XUZ
3,S9SQ8B
3,QN96TG
3,NA34Y1
3,MFOU3J
5,LF653D
5,DCSVAS
1,6QPL0A
1,BV5WK3
3,FZJ9JU
3,TFEB4U
2,8CRXP3
2,6RQD7N
3,J64YXS
3,I2NZN7
7,HLEZJR
7,VDMZQA
2,8BRSR9
2,S6TZJ4
7,3TINSE
7,2P6PO6
2,ING3JV
2,NFJYR1
5,Z6N92B
5,93CWQ0
3,FGNBH1
3,WRSY78
7,RZV7AL
7,CA0AKG
3,WPP69D
3,V4QH87
3,MI5FUS
3,D9AC1P
5,RLKWOA
5,PHWX3B
7,ASE2VI
7,EW4M87
3,S1N6WN
3,T8UNVH
3,RSQKXF
3,B9OU1W
1,04RJX4
1,QNK7T7
1,BBCJMB
1,423ZTD
3,WSS1M5
3,UZS9YL
1,4JP6M2
1,6SZHHJ
6,4OSBNI
6,WE8AC3
1,XA2ZBM
1,I1B83H
3,27FU2A
3,NRS8EL
5,Y75IVA
5,JMMQ3K
3,VSHE1C
3,ZDAGGI
1,K5XJ6W
1,556LUQ
4,0C7X51
4,QMRRYI
1,TAIGAR
1,ZV7FME
4,7D303A
4,59S507
1,8H9SZ6
1,KG1KXL
10,BF2KAZ
10,7K7SL5
10,11A5BE
10,TKL7XI
1,CWND16
1,YSQV21
4,CFTVM2
4,HAT1OU
1,YBU9ZD
1,M29X5X
4,WH34O2
4,GKATR1
2,SPK6K1
2,KK636E
1,4XY216
1,BVWSQB
1,JFEPB5
1,0M31JV
8,02ZT1O
8,SL5MPX
2,XCCAB0
2,GUX0DR
2,R4EQBZ
2,VAFT9N
10,IORX1I
10,2EHRA8
10,3S7QC8
10,WQSLBJ
2,D540WI
2,8IUJ37
10,04WH5V
10,4U7HOC
4,E0Q49A
4,NHRPCS
4,HYUNE8
4,R222RL
10,5DURUU
10,OOPN7K
2,TAF6P7
2,T8E58G
11,XMDQM1
11,LI8ALV
4,WI1SDB
4,AG0P7K
10,WU8GU0
10,JR459R
9,G8HBLR
9,KPQC23
9,K47Y1R
9,9UOA6N
9,H5YXL5
9,D89DTS
11,06RLN7
11,E0IOBU
11,1HLO5K
9,3SF5QV
9,BFGCQR
9,6UMNAA
9,NF1JFM
5,4JD782
5,55E6Y9
9,36O73K
9,ZV0BIP
9,N7ZRGS
9,TKVTOZ
9,TXN93Z
9,8A3F27
7,G6FLXN
7,RAG6SF
5,R7P70Q
5,H984A1
6,QF44B9
6,NVRVVW
6,HZG855
6,ZW5DYK
6,HH5TYC
6,J4EBOQ
11,PSZDWD
11,QGD7PJ
4,B7FXUH
4,KV9E17
8,X1HAMX
8,QN9JL9
5,3M83FK
5,HY7PZU
5,YLHWM8
5,Z9578F
5,WAB4ZJ
5,CBK94V
5,BMFW3H
5,T56FIE
5,M9R7W5
5,71QD4C
8,VI98FC
8,E4DAUO
8,CJTMSO
8,ZFPVMO
5,JVTC87
5,1FYTHX
5,6ADG27
5,SBSPR6
8,HOLU54
8,GDN157
6,64ZJE9
6,NMRYSL
6,5LQYK0
6,FV0SCO
2,J0NNGC
2,23V446
6,CTPH3P
6,7Z63LX
6,UDVMPR
6,SCI0ET
5,DVG65I
5,T4WLE6
6,1RY54G
6,1AD4O1
5,8CF0GH
5,QOV4PV
5,V90Y2E
5,QD4Y8W
5,MIWAXY
5,GIXH6X
5,67PZO0
5,VK605I
10,YZLZZK
10,QBN2UK
8,K3WU6T
8,QNTL43
8,FEE90V
8,SOO94C
10,QHFFPB
10,8BPHM3
10,RXPSXH
10,WT8Z37
10,XVHLK5
10,FE15DO
8,BLEDU0
8,0EUEII
10,G44TPO
10,IWXFMK
10,ICWE0F
10,4HQC9V
10,UJCEXR
10,419ZRF
8,O52SIA
8,XYANN8
9,G1REB7
9,TIDBM5
9,4YDERE
9,E7UM1B
9,WO01E9
9,80NEVW
9,ZX3838
9,OISUER
9,973XKG
9,07AKRI
11,1WOIHT
11,EHV1MA
7,Y06C1F
7,QY54ZU
11,XG7MRB
11,271NX1
11,KNLPFL
11,II9MXD
9,BQBALF
9,7BN7QB
9,EU23V1
9,6FQYBV
9,6YK9JE
9,BL7F1A
9,BRDOJ3
9,JI8KQ1
5,9PCHE3
5,QSXWIZ
5,8CPBGE
5,ODWWYB
5,F42F55
5,2ZNSDC
9,YG7DBG
9,XZYPU2
9,Y8N2O1
7,YQMFGB
7,QQ8CBG
9,6EG77Y
9,HJQRE9
8,787B73
8,BS5OHF
10,50AN6C
10,YME868
10,YVUUHR
10,QZNTJ2
8,XAB76E
8,FYZBI3
10,UH5WIV
10,Z0YLCT
8,1EYI8C
8,4GZXZ7
10,LW4W3Z
10,MXCIVC
9,BHG0JM
9,W4JI09
9,18Z1N1
9,W80OV9
8,0QUG8Q
8,BSNGKN
10,CL0I2I
10,U1KYMJ
8,NXQV0M
8,D0ADE0
8,VDAU54
8,TOJZGQ
10,NY8ART
10,5F99GC
8,CG6SHW
8,47ACP6
8,GO4Y2Y
8,KUNZPO
10,5L3QHU
10,6X9F2B
8,2DZEPP
8,WQKONH
10,WWVQRE
10,XS3SEG
8,AU2YZH
8,BO08SF
10,ZRIWF8
10,NHN19T
10,94C2VL
10,4Q2EI0
7,GUN1PJ
7,Z414X8
8,5R9KHE
8,C6KYML
8,J3NT7F
8,WVDQ3K
11,M7J8IR
11,UMFX6K
5,EQD03X
5,E1L31G
5,PJ10FV
5,LAS1J3
5,AFG7DI
5,YY8AFI
4,B8XCNN
4,KUDA38
2,8RZ3P5
2,07PSF6
4,OZXDOA
4,2Z6FCM
2,GY3FOB
2,WKLZEX
4,YMEDJF
4,NLVIJ0
2,TB6HRR
2,JAFOMR
4,HICLT1
4,GTPWW9
2,47JDRH
2,3RIG8S
3,2A82BN
3,A2EE3K
2,JI9VTE
2,EQ0FYW
2,DJMC1M
2,NYRHZB
1,RJL5Z8
1,IHPTRB
1,X0D4SQ
1,KOJDSE
4,MZXH63
4,ML879O
1,YUQ9KC
1,ZPHS5W
1,BEEZ4I
1,3GCPCH
1,2DI83D
1,ILDV0M
1,KTL9JV
1,M5GRF7
3,GIOVCS
3,XT6HTM
1,2VYQT9
1,Q4VOIY
1,X3078S
1,ESF9UO
1,PZEZMB
1,R5OBK9
1,07L5QO
1,ENGIHD
1,NVK65V
1,25A6S5
1,RE7YVR
1,9HMG06
2,LKSTYZ
2,L6WQES
2,ZLIM6Z
2,Y1KQ0S
1,UP80EO
1,QR4E3H
1,C5JO5Z
1,YGUESO
1,HND4PW
1,XMESLV
4,NR5IC1
4,X8BSPP
4,GVIPDH
4,U8F6AA
1,IDI6WF
1,EG7KX5
1,6CQ9BA
1,5O65T6
1,V34NZU
1,A86X8M
1,Z48AY8
1,FKGR0K
1,NC61BH
1,RVDS3R
1,ZXF1ES
1,DFH1LK
1,ULZI1N
1,HF45L6
1,80T691
1,DGAYW5
1,TH82PE
1,T1VM8B
1,HL363R
1,6KAU41
1,VV1A1O
1,E2AZD1
1,F6JYBT
1,33YNYW
1,CXOICA
1,74PV84
1,RD913U
1,C5SKSW
1,O4G5RE
1,LBSQA4
1,1Z4EDR
1,LC2ZMP
2,1HTB6J
2,U8H49S
2,XPT67W
2,1YMIX6
2,3VE8BR
2,B3REEH
2,9YKT23
2,OCGXUQ
1,8GQPCW
1,AHRL7S
1,7DVALH
1,1NDXA8
3,V0PCZC
3,M6NYAB
3,KQJRI1
3,4BG140
2,R1HE2Y
2,Y1ZRSH
2,FMML97
2,OYW4LP
2,SEC7MF
2,0L5HUX
1,VY3MVV
1,485HM5
1,GCJBK8
1,53PQWY
1,H6E20B
1,YM9RCU
1,9T4Y8G
1,U85DVV
2,LPAYY2
2,3I1SYB
1,L5J8WI
1,3D6P52
1,MX0F3Q
1,K4CFV1
2,PW0QFC
2,JRRN6W
1,QBT12G
1,7C8Z1G
1,Y75V6K
1,YKN5ET
5,9UE1CQ
5,8D3F77
5,LKDADM
5,S6Z20R
2,PFLRGC
2,6IT4FA
2,Z24170
2,R43FTQ
2,TQRE2K
1,WBSJ1P
1,3EWMIM
2,IHJ1LE
2,GHH9YF
2,O06013
2,5V761X
1,P35QUA
1,PWSRY0
1,WKCM7D
1,MB6E6T
1,YVC5S6
1,TWNPBH
1,W86BSO
1,820X7Q
1,S89DR3
1,K2K52Q
1,H1SJVM
1,LQ8X67
1,JPSECC
1,IZLSI4
1,2TTCHJ
1,TK1W2T
1,GFMKY6
1,YN0Q21
1,0JDW6H
1,15O3K9
2,NR6S82
2,8K7JBU
2,51B5Q8
2,9ZYOA3
2,66HM01
2,OQIFXD
3,FMU9AV
3,ZAAOUG
3,MUNTVH
3,RLS841
3,FTUZPP
3,L0G094
3,70NUP8
3,5PPIXI
3,H509F6
3,WJIA3A
3,0C1SRF
3,H6OKAW
3,18CJL1
2,V2U8UZ
2,Y5LWJZ
2,DTTWCI
2,LE2Y10
2,BKNDZS
2,NUDKM2
2,B22JUQ
4,8M6OCP
4,8EC75N
4,HFDTU9
4,LO2LHW
4,3591DS
4,3IKYFB
4,8VZHX2
4,H14561
4,WYD4Y9
4,OHEDAH
4,HM0PRW
4,A49N2I
4,FAY51Y
4,2ROHF3
4,AXFNJV
1,S47O02
1,UB9989
1,O1T4UU
1,RZ5GKO
1,7OF2EC
1,0K15W8
1,ZO20UN
1,E2GL31
1,E0TP7W
1,S4HODP
1,XKUOLC
1,678WVC
1,NBRXQT
1,M9SFIJ
1,AQWOSF
1,32HXBF
1,A3OH0S
1,RPR733
1,HF3LPR
1,NVOFTH
1,T722OV
1,3BT3B0
1,RPPJUA
1,9F38RQ
1,FBV7XV
1,PWQSQ9
1,EKBU56
1,XYYKTU
1,XDWXB1
1,86ZH72
1,GSNCRI
2,G7IU2V
2,LOJGDI
1,KSK8OS
1,952WEP
1,6ZLDRJ
1,GEUJGT
1,ICTHH5
1,GAOF37
1,5VXLME
1,XG7XGN
1,VMVJVM
1,J1NXI8
1,ITQBJ6
1,UICTON
1,P6NV62
1,C7HKT1
1,SRRZML
1,HT2YAG
1,ZOSUJE
1,2P61WZ
1,HZFATT
1,8N1SG3
1,PA4ZZE
1,PGAP2J
1,6TJ12A
1,8OMZUB
1,KCYYXL
1,ODFH5R
1,XM6WE8
1,EKTDZJ
1,UTPPDG
